;superpower_Accuracy;superpower_Agility;superpower_Durability;superpower_Intelligence;superpower_Longevity;superpower_Reflexes;superpower_Stamina;superpower_Super_Strength;superpower_Telepathy;superpower_Underwater_breathing;superpower_Weapons_Master;superpower_Lantern_Power_Ring;superpower_Healing_Factor;superpower_Immortality;superpower_Regeneration;superpower_Energy_Absorption;superpower_Energy_Beams;superpower_Energy_Blasts;superpower_Power_Suit;superpower_Danger_Sense;superpower_Energy_Manipulation;superpower_Flight;superpower_Force_Fields;superpower_Hypnokinesis;superpower_Invisibility;superpower_Phasing;superpower_Super_Speed;superpower_Teleportation;superpower_Power_Augmentation;superpower_Gliding;superpower_Toxin_and_Disease_Resistance;superpower_Vision_-_Telescopic;superpower_Animal_Attributes;superpower_Animal_Oriented_Powers;superpower_Toxikinesis;superpower_Empathy;superpower_Size_Changing;superpower_Hydrokinesis;superpower_Endurance;superpower_Enhanced_Hearing;superpower_Enhanced_Senses;superpower_Sonar;superpower_Vision_-_Night;superpower_Wallcrawling;superpower_Energy_Armor;superpower_Psionic_Powers;superpower_Omnilingualism;superpower_Weapon-based_Powers;superpower_Invulnerability;superpower_Self-Sustenance;superpower_Duplication;superpower_Radiation_Immunity;superpower_Density_Control;superpower_Illumination;superpower_Molecular_Combustion;superpower_Molecular_Manipulation;superpower_Astral_Travel;superpower_Illusions;superpower_Intangibility;superpower_Magic;superpower_Precognition;superpower_Audiokinesis;superpower_Sonic_Scream;superpower_Human_physical_perfection;superpower_Stealth;superpower_Dexterity;superpower_Jump;superpower_Natural_Weapons;superpower_Natural_Armor;superpower_Shapeshifting;superpower_Sub-Mariner;superpower_Omnitrix;superpower_Cross-Dimensional_Awareness;superpower_Reality_Warping;superpower_Telekinesis;superpower_Time_Travel;superpower_Probability_Manipulation;superpower_Vision_-_Infrared;superpower_Electrokinesis;superpower_Enhanced_Memory;superpower_Enhanced_Smell;superpower_Cold_Resistance;superpower_Heat_Resistance;superpower_Symbiote_Costume;superpower_Technopath/Cyberpath;superpower_Vision_-_X-Ray;superpower_Astral_Projection;superpower_Mind_Blast;superpower_Mind_Control;superpower_Mind_Control_Resistance;superpower_Telepathy_Resistance;superpower_Vision_-_Thermal;superpower_Hyperkinesis;superpower_Spatial_Awareness;superpower_Clairvoyance;superpower_Magic_Resistance;superpower_Super_Breath;superpower_Terrakinesis;superpower_Cross-Dimensional_Travel;superpower_Power_Sense;superpower_Darkforce_Manipulation;superpower_Gravitokinesis;superpower_Aerokinesis;superpower_Geokinesis;superpower_Pyrokinesis;superpower_Energy_Resistance;superpower_Photokinesis;superpower_Echokinesis;superpower_Enhanced_Touch;superpower_Radar_Sense;superpower_Levitation;superpower_Possession;superpower_Vision_-_Microscopic;superpower_Banish;superpower_Timeframe_Control;superpower_Elasticity;superpower_Camouflage;superpower_Substance_Secretion;superpower_Fire_Resistance;superpower_Heat_Generation;superpower_Energy_Constructs;superpower_Projection;superpower_Grim_Reaping;superpower_Power_Absorption;superpower_Vision_-_Heat;superpower_Radiation_Absorption;superpower_Thermokinesis;superpower_Cryokinesis;superpower_Elemental_Transmogrification;superpower_Magnetokinesis;superpower_Chlorokinesis;superpower_Resurrection;superpower_Portal_Creation;superpower_Thirstokinesis;superpower_Power_Nullifier;superpower_Animation;superpower_Photographic_Reflexes;superpower_Atmokinesis;superpower_Nova_Force;superpower_Chronokinesis;superpower_Radiation_Control;superpower_Web_Creation;superpower_Power_Cosmic;superpower_Changing_Armor;superpower_Biokinesis;superpower_Seismic_Power;superpower_Qwardian_Power_Ring;superpower_Summoning;superpower_Adaptation;superpower_Electrical_Transport;superpower_Insanity;superpower_Anti-Gravity;superpower_Matter_Absorption;superpower_Psychokinesis;superpower_Omnipotence;superpower_Death_Touch;superpower_Intuitive_aptitude;superpower_Melting
superpower_Accuracy;68;18;5;8;7;10;13;7;5;4;14;1;5;2;1;3;3;5;2;2;2;4;4;1;3;2;6;4;1;0;1;4;1;0;0;2;1;1;4;3;4;0;4;1;0;0;0;11;2;0;3;2;0;0;0;0;0;0;0;1;0;0;0;12;7;1;1;0;0;3;0;0;1;0;0;1;1;0;0;2;5;0;0;0;0;1;0;0;0;1;3;3;1;1;0;0;1;0;0;0;0;0;0;0;2;1;0;1;1;2;1;0;1;0;0;0;3;0;0;1;2;0;0;1;1;0;0;1;0;3;0;0;0;0;0;0;0;1;0;0;0;0;0;0;0;0;0;0;0;0;0;0;0;0;0;0;0;0
superpower_Agility;18;194;39;13;17;50;64;71;13;3;14;2;34;8;1;8;4;19;2;7;8;23;9;2;3;3;53;10;2;1;8;7;8;14;1;3;4;1;11;6;22;0;10;16;0;4;0;15;9;0;3;0;2;0;0;5;0;1;2;4;1;1;1;8;9;4;11;15;2;13;1;0;1;0;4;1;4;2;1;3;6;3;3;3;2;2;1;1;2;2;7;3;0;0;0;0;2;0;0;0;0;1;0;1;4;1;0;1;1;2;3;1;2;0;0;1;8;2;0;1;3;0;0;3;3;0;0;2;0;2;0;0;0;0;0;0;0;2;1;0;0;3;0;1;1;0;0;0;0;0;1;0;1;0;0;0;0;0
superpower_Durability;5;39;294;23;29;48;76;136;15;9;1;2;48;14;4;20;10;32;10;6;9;55;15;4;3;6;80;8;1;2;14;19;6;11;2;3;9;3;22;14;21;1;9;10;0;4;1;20;28;12;2;3;3;2;1;11;0;4;3;6;1;1;2;0;2;1;23;14;9;15;1;0;2;0;8;5;0;4;2;4;2;9;9;5;4;10;3;2;4;3;4;6;0;0;1;3;9;0;2;0;1;5;0;3;5;0;1;0;0;0;1;2;9;0;1;2;8;4;4;0;2;0;1;1;9;2;3;5;1;4;1;2;2;0;0;1;0;1;1;1;2;4;2;0;0;1;1;0;1;0;4;1;0;0;0;0;0;0
superpower_Intelligence;8;13;23;126;14;9;26;34;12;2;8;1;14;5;1;9;7;11;2;2;5;23;7;8;3;5;22;8;2;0;3;8;1;1;0;1;8;1;8;12;10;0;2;1;0;3;4;7;18;6;2;0;1;0;0;4;0;2;2;5;0;0;0;4;4;1;7;1;1;2;0;0;3;1;4;2;0;2;2;3;3;1;0;0;1;7;1;2;3;1;4;1;0;0;4;3;8;0;2;1;0;0;0;1;1;1;0;1;1;1;1;1;8;0;0;1;1;0;1;0;1;0;0;1;7;0;0;2;0;1;1;0;0;0;0;1;0;0;0;0;0;0;1;0;0;0;0;0;0;0;3;0;0;1;0;0;0;0
superpower_Longevity;7;17;29;14;98;14;34;38;9;3;4;1;22;8;3;9;3;11;3;1;2;22;10;4;2;1;25;10;2;0;10;5;0;2;0;1;3;1;7;6;10;0;1;1;0;2;1;5;15;7;5;1;0;0;0;3;0;2;1;8;0;0;1;1;2;0;6;2;1;8;0;0;3;0;4;3;0;1;2;1;4;3;0;0;0;5;2;0;0;2;1;1;0;0;1;1;5;0;3;0;0;1;0;1;2;0;0;0;0;1;3;1;5;1;0;0;3;1;0;1;2;0;1;1;5;1;0;2;0;1;0;0;1;0;0;0;0;2;0;0;0;0;1;0;1;0;0;0;0;0;0;1;0;0;0;0;0;0
superpower_Reflexes;10;50;48;9;14;172;56;68;14;7;5;1;32;7;3;8;4;15;2;7;2;19;3;1;2;2;61;7;2;1;8;7;6;9;1;0;4;3;15;7;17;1;11;15;0;1;1;10;10;4;1;1;1;2;1;4;0;0;1;3;0;1;1;4;3;2;10;16;3;8;0;0;1;0;3;5;4;2;0;6;3;3;2;4;1;1;0;0;0;1;3;3;0;0;1;1;1;0;2;0;0;0;1;2;4;0;0;1;1;1;1;0;2;0;0;0;7;1;0;0;2;0;0;1;2;0;0;3;0;3;0;1;0;0;0;1;0;1;1;0;0;4;0;1;1;0;0;0;1;0;2;0;0;0;0;0;0;0
superpower_Stamina;13;64;76;26;34;56;272;119;15;4;12;2;57;15;3;15;7;25;3;8;10;47;12;6;4;5;86;17;3;1;17;15;7;12;2;1;6;1;19;18;28;0;9;14;0;5;1;21;35;9;5;1;3;0;0;8;2;3;4;13;2;1;1;4;9;3;19;15;8;16;0;0;3;0;6;2;2;4;1;5;7;6;7;4;4;9;2;1;4;3;3;2;0;0;2;4;11;1;3;0;1;2;0;2;5;0;0;1;1;2;3;3;10;0;0;0;8;3;2;1;3;0;1;2;10;2;0;2;1;2;1;1;2;0;0;1;0;2;1;0;1;4;2;0;1;0;1;1;1;0;3;0;1;0;0;0;0;0
superpower_Super_Strength;7;71;136;34;38;68;119;488;31;12;7;2;77;26;7;30;14;58;12;8;17;96;27;9;7;8;136;22;4;3;22;24;11;19;4;4;24;5;33;21;38;1;12;18;1;10;5;25;57;19;6;4;6;0;0;19;2;7;7;16;4;1;2;1;3;4;30;22;9;32;1;0;5;3;17;7;2;5;4;5;5;11;11;6;9;16;4;3;6;3;7;9;0;0;4;4;13;1;6;0;2;5;1;3;7;0;3;0;0;1;5;2;12;0;1;2;8;5;5;1;3;0;1;3;14;3;3;5;2;5;3;4;2;0;0;2;0;2;1;1;3;4;4;1;1;1;1;1;1;0;3;1;1;0;0;1;0;0
superpower_Telepathy;5;13;15;12;9;14;15;31;124;8;4;2;11;9;2;7;3;16;0;3;9;30;16;4;7;6;22;14;4;1;0;2;2;2;0;2;11;4;7;4;6;1;2;2;0;15;2;1;11;5;2;0;2;0;0;8;2;13;4;5;2;0;2;1;1;1;2;2;3;11;0;0;3;2;19;3;2;0;0;1;3;0;0;0;2;3;11;9;9;3;9;3;0;0;0;0;2;2;3;2;2;1;0;0;5;0;1;1;1;2;4;4;2;1;0;0;2;1;1;0;1;0;0;3;3;0;0;3;0;2;0;4;0;0;0;0;0;1;0;0;0;0;0;0;1;0;0;1;0;0;0;0;0;1;0;0;0;0
superpower_Underwater_breathing;4;3;9;2;3;7;4;12;8;28;1;2;4;1;0;2;2;3;2;0;0;5;2;1;3;2;7;1;1;0;1;3;0;0;1;1;1;4;4;2;2;1;4;0;0;0;0;3;2;0;1;2;0;0;0;0;0;0;0;0;0;0;0;0;1;0;1;1;0;1;0;0;0;0;0;1;0;0;0;1;1;0;0;0;0;1;0;0;0;0;0;3;0;0;0;0;1;0;1;0;0;0;0;0;1;0;0;0;0;0;0;0;1;0;0;0;1;1;0;0;1;0;0;1;1;0;0;1;0;3;0;0;0;0;0;0;0;0;0;0;0;0;0;0;0;0;0;0;0;0;0;0;0;0;0;0;0;0
superpower_Weapons_Master;14;14;1;8;4;5;12;7;4;1;42;0;4;2;1;1;1;3;0;2;2;1;1;1;0;0;4;4;0;0;1;2;0;0;0;1;0;0;3;3;3;0;2;1;0;0;0;8;2;1;2;0;0;0;0;1;0;0;0;2;0;0;0;7;7;0;0;0;0;2;0;0;1;0;1;0;0;0;1;1;5;0;0;0;0;0;0;0;1;1;3;0;0;0;0;0;0;0;0;0;0;0;0;0;1;0;0;1;1;2;2;0;0;0;0;0;1;0;0;1;1;0;0;0;0;0;0;1;0;0;0;0;0;0;0;0;0;1;0;0;0;0;0;0;0;0;0;0;0;0;0;0;0;0;0;0;0;0
superpower_Lantern_Power_Ring;1;2;2;1;1;1;2;2;2;2;0;14;1;1;0;0;0;1;0;0;0;2;1;0;2;2;1;2;1;0;0;1;0;0;0;0;1;1;2;1;1;0;1;0;0;0;0;1;1;0;1;0;0;0;0;0;0;0;1;1;0;0;0;0;0;0;1;0;0;1;0;0;0;0;0;1;0;0;0;1;1;0;0;0;0;1;0;0;0;0;0;1;0;0;0;0;1;0;0;0;0;0;0;0;1;0;0;0;0;0;1;1;1;0;0;0;1;0;0;0;1;0;0;1;1;0;0;1;0;1;0;0;0;0;0;0;0;0;0;0;0;0;0;0;0;0;0;0;0;0;0;0;0;0;0;0;0;0
superpower_Healing_Factor;5;34;48;14;22;32;57;77;11;4;4;1;182;12;7;14;3;20;4;8;6;34;10;5;2;1;57;12;1;2;13;15;5;12;0;1;5;0;12;13;24;1;8;11;0;3;1;12;22;7;2;1;3;0;0;6;0;4;0;7;1;0;0;1;1;3;19;15;2;15;0;0;2;0;8;4;0;3;0;2;4;3;2;5;2;9;3;2;2;3;4;3;0;0;2;4;9;0;3;0;1;1;0;2;3;0;0;0;0;1;2;1;6;0;0;1;6;2;3;1;2;0;1;1;8;2;0;0;1;1;1;2;0;0;0;1;0;2;1;0;1;4;0;0;1;0;0;0;1;0;2;0;1;0;0;0;0;0
superpower_Immortality;2;8;14;5;8;7;15;26;9;1;2;1;12;76;3;7;1;8;0;1;10;16;9;0;2;3;16;12;2;0;7;2;0;0;1;3;11;0;2;2;0;0;1;0;1;6;2;1;18;4;3;0;2;0;0;9;0;4;2;5;1;0;0;0;1;0;1;2;1;9;0;0;6;1;6;1;0;0;1;0;1;3;2;1;2;1;4;2;3;2;6;0;0;0;0;0;0;0;3;0;1;1;0;0;3;0;0;0;0;1;5;2;1;0;1;3;0;1;1;0;1;0;0;0;1;0;0;1;0;0;1;4;1;0;0;0;0;0;0;0;0;0;2;0;1;0;1;0;0;0;0;0;0;0;0;0;0;0
superpower_Regeneration;1;1;4;1;3;3;3;7;2;0;1;0;7;3;30;2;1;2;0;0;0;4;0;0;0;1;1;4;0;0;3;1;2;2;1;0;1;0;0;0;1;0;0;0;0;1;0;1;1;3;1;1;1;0;0;1;0;1;1;0;0;0;0;0;0;0;2;3;1;4;0;0;1;0;1;0;0;0;0;1;0;0;0;0;1;0;1;1;0;1;1;1;0;0;0;0;0;0;2;0;0;0;0;0;0;0;0;0;0;0;0;0;1;0;0;0;0;0;1;0;0;0;0;0;0;0;0;0;0;0;0;2;0;0;0;0;0;0;0;0;1;0;0;0;0;0;0;0;1;0;0;0;0;0;0;0;0;0
superpower_Energy_Absorption;3;8;20;9;9;8;15;30;7;2;1;0;14;7;2;92;10;29;4;0;12;26;10;4;2;4;21;2;2;0;1;11;0;0;0;0;5;0;1;9;7;0;3;0;2;5;1;3;14;4;0;2;2;0;0;8;0;3;1;1;0;0;1;2;0;0;7;2;4;3;0;0;1;1;8;3;0;1;3;1;1;0;1;0;3;9;3;2;2;0;2;3;0;0;0;1;7;0;0;0;1;2;0;0;3;1;0;0;0;0;3;0;7;0;0;1;0;0;0;0;2;0;0;3;9;0;0;0;0;2;0;3;0;0;0;0;0;0;1;0;1;0;1;0;1;0;1;0;1;0;0;0;1;0;0;0;0;0
superpower_Energy_Beams;3;4;10;7;3;4;7;14;3;2;1;0;3;1;1;10;46;15;3;1;5;11;6;1;3;3;7;3;0;0;2;2;0;0;0;0;2;1;0;1;1;0;2;0;0;5;0;3;3;2;0;2;1;0;0;2;0;0;1;1;0;0;0;0;0;0;0;0;1;2;0;0;0;0;1;0;1;0;1;0;0;0;1;0;2;0;0;1;2;0;1;2;0;0;0;0;0;0;0;0;0;2;0;1;1;1;1;0;0;0;1;0;0;0;0;0;0;0;0;0;1;0;0;0;1;0;1;1;0;2;0;0;1;0;0;0;0;0;1;0;2;0;1;0;0;0;0;0;0;0;0;0;0;0;0;0;0;0
superpower_Energy_Blasts;5;19;32;11;11;15;25;58;16;3;3;1;20;8;2;29;15;174;8;2;23;52;23;3;6;8;33;18;4;1;2;9;1;1;0;2;13;1;4;7;5;0;3;2;0;8;2;12;19;10;3;2;2;0;0;11;1;3;3;7;2;1;2;1;1;0;3;2;3;6;0;0;3;1;13;8;1;2;4;3;2;2;6;1;2;6;3;2;3;0;1;4;0;0;2;1;3;0;2;0;1;4;0;0;7;2;3;0;0;1;6;0;2;0;1;0;1;0;1;1;2;0;0;3;5;1;1;4;0;4;0;1;1;0;0;0;0;0;1;0;1;0;2;0;1;0;0;1;0;0;0;1;0;0;0;0;0;0
superpower_Power_Suit;2;2;10;2;3;2;3;12;0;2;0;0;4;0;0;4;3;8;28;0;1;10;5;1;2;1;5;0;0;0;0;5;0;0;0;0;1;0;2;2;2;0;2;0;0;0;0;6;1;0;0;3;0;0;0;0;0;0;0;0;0;0;0;0;1;0;1;0;1;0;0;0;0;0;0;1;0;3;1;0;1;3;3;1;1;2;0;0;0;0;0;2;0;0;0;1;1;0;0;0;0;0;0;0;0;0;0;0;0;0;0;0;1;0;0;0;0;0;0;0;0;0;0;0;1;0;0;0;0;2;0;0;0;0;0;0;0;0;0;0;0;0;0;0;0;0;0;0;0;0;0;0;0;0;0;0;0;0
superpower_Danger_Sense;2;7;6;2;1;7;8;8;3;0;2;0;8;1;0;0;1;2;0;20;2;2;2;2;1;1;8;2;0;0;0;0;2;3;0;0;0;0;0;0;3;0;2;6;0;0;0;3;1;0;1;0;0;0;0;0;0;0;0;0;0;0;0;1;1;1;6;7;0;4;0;0;0;0;0;0;0;0;0;0;1;0;0;4;0;0;0;0;0;0;1;0;0;0;0;0;0;0;0;0;0;0;0;0;0;0;0;0;0;1;1;0;0;0;0;0;3;1;0;0;0;0;0;0;0;0;0;0;0;0;0;0;0;0;0;0;0;0;0;0;0;3;0;0;0;0;0;0;0;0;0;0;0;0;0;0;0;0
superpower_Energy_Manipulation;2;8;9;5;2;2;10;17;9;0;2;0;6;10;0;12;5;23;1;2;66;20;12;1;2;3;10;11;2;0;0;1;0;0;0;2;8;0;0;2;3;0;1;1;0;9;1;0;11;2;3;0;0;0;0;8;0;4;0;2;1;0;0;1;1;0;0;0;0;3;0;0;4;2;7;2;0;0;2;0;2;2;4;1;2;2;3;2;3;0;4;0;0;0;0;0;0;0;1;0;1;2;0;0;6;1;0;0;0;1;3;0;1;0;1;0;1;0;1;2;3;0;0;0;1;0;0;0;0;0;0;2;0;0;0;0;0;1;1;0;0;0;1;0;0;0;1;0;0;0;0;0;0;0;0;0;0;0
superpower_Flight;4;23;55;23;22;19;47;96;30;5;1;2;34;16;4;26;11;52;10;2;20;276;32;8;12;12;67;21;3;4;8;22;4;8;2;4;17;2;11;20;20;2;4;4;1;12;5;13;38;12;3;4;3;0;0;12;3;9;9;11;3;3;4;1;1;1;8;6;3;17;1;0;5;2;19;8;0;4;6;3;3;3;6;2;6;16;6;4;5;1;4;6;0;0;3;3;11;1;4;0;1;6;2;3;7;1;3;0;0;1;5;2;11;1;0;1;1;1;4;1;2;0;0;3;13;1;3;3;0;4;1;4;2;0;0;0;0;2;0;0;1;0;4;0;1;0;1;1;0;0;0;0;1;0;0;0;0;0
superpower_Force_Fields;4;9;15;7;10;3;12;27;16;2;1;1;10;9;0;10;6;23;5;2;12;32;94;2;10;4;17;11;2;0;2;5;0;0;0;1;8;2;2;4;4;0;2;0;1;10;2;7;14;5;3;1;1;0;0;6;1;6;2;3;1;0;0;1;0;1;2;0;1;5;0;0;4;2;14;5;0;2;2;1;2;1;1;1;3;4;6;5;6;1;5;3;0;0;0;0;2;0;2;0;1;3;2;1;5;0;1;0;0;1;6;0;1;1;1;0;2;0;0;0;1;0;0;1;2;0;1;2;0;4;0;4;1;0;0;0;0;0;0;0;0;0;1;0;1;0;0;1;0;0;0;1;0;0;0;0;0;0
superpower_Hypnokinesis;1;2;4;8;4;1;6;9;4;1;1;0;5;0;0;4;1;3;1;2;1;8;2;28;2;1;7;3;0;0;1;4;0;0;1;0;0;0;1;4;4;1;0;1;0;1;2;1;6;1;0;0;0;0;0;0;0;2;1;2;1;0;0;1;1;0;5;0;0;0;0;0;1;0;1;0;0;1;0;1;1;0;0;0;0;4;1;0;0;0;1;0;0;0;2;2;4;0;1;0;1;0;0;0;0;0;0;0;0;0;0;0;4;1;0;0;0;1;0;0;0;0;0;1;4;0;0;0;0;0;1;0;0;0;0;0;0;0;0;0;0;0;0;0;0;0;0;0;0;0;0;0;0;0;0;1;0;0
superpower_Invisibility;3;3;3;3;2;2;4;7;7;3;0;2;2;2;0;2;3;6;2;1;2;12;10;2;28;7;7;6;1;0;0;4;0;0;0;1;4;1;3;2;2;0;3;0;0;2;1;3;5;2;1;2;1;0;0;0;1;4;4;3;1;0;0;0;0;0;1;0;0;3;0;0;2;0;2;1;0;0;0;1;1;0;0;0;0;3;1;0;0;0;1;4;0;0;0;0;1;0;1;0;0;0;1;0;1;0;0;0;0;0;2;1;2;1;0;0;1;0;1;0;1;0;0;1;2;0;0;1;0;3;0;1;0;0;0;0;0;0;0;0;0;0;0;0;0;0;0;0;0;0;0;0;0;0;0;0;0;0
superpower_Phasing;2;3;6;5;1;2;5;8;6;2;0;2;1;3;1;4;3;8;1;1;3;12;4;1;7;30;6;6;1;0;0;4;0;0;0;1;4;1;3;3;3;0;2;0;0;2;1;2;5;3;1;1;1;0;0;1;1;4;6;1;0;0;0;0;0;0;1;0;1;2;0;0;2;0;1;3;0;0;0;2;1;0;0;0;1;2;1;0;1;0;2;4;0;0;0;0;1;0;0;0;1;2;0;0;1;0;0;0;0;0;1;1;3;0;0;0;1;0;1;0;1;0;0;1;2;0;0;1;0;2;0;0;1;0;0;0;0;0;0;0;0;0;1;0;0;0;0;0;0;0;0;0;0;0;0;0;0;0
superpower_Super_Speed;6;53;80;22;25;61;86;136;22;7;4;1;57;16;1;21;7;33;5;8;10;67;17;7;7;6;304;16;3;0;11;19;8;13;1;3;10;3;25;19;30;1;11;16;1;3;3;19;40;15;5;3;2;2;1;16;2;5;6;11;3;1;1;0;1;3;21;14;6;22;1;0;3;0;12;8;2;4;2;5;5;3;4;5;4;14;2;2;2;2;1;7;0;0;3;3;12;1;7;0;2;4;1;3;5;0;2;0;0;1;3;0;11;0;1;0;8;1;3;1;4;0;0;3;13;2;1;2;0;4;1;3;1;0;0;2;0;2;1;2;2;4;4;0;1;0;1;1;1;1;2;0;1;0;0;0;0;0
superpower_Teleportation;4;10;8;8;10;7;17;22;14;1;4;2;12;12;4;2;3;18;0;2;11;21;11;3;6;6;16;84;3;0;1;1;0;0;0;3;8;1;3;2;1;0;2;2;0;6;2;6;13;2;4;0;0;0;0;5;3;5;6;11;2;0;0;0;1;0;1;0;1;8;0;0;7;1;8;5;1;0;0;2;3;0;1;1;0;1;3;2;2;2;4;1;0;0;1;1;1;0;6;0;2;1;0;0;5;0;0;0;0;1;3;1;1;1;1;0;3;0;0;1;2;0;0;1;2;0;0;2;0;2;0;2;1;0;0;0;0;1;0;0;0;0;2;0;1;0;0;1;0;0;0;0;0;0;0;0;0;0
superpower_Power_Augmentation;1;2;1;2;2;2;3;4;4;1;0;1;1;2;0;2;0;4;0;0;2;3;2;0;1;1;3;3;16;0;0;1;0;0;0;0;4;1;1;1;2;0;1;0;0;0;0;1;3;0;1;0;0;0;0;4;0;0;0;1;0;0;0;0;0;0;1;0;1;3;0;0;1;1;1;1;0;0;0;1;1;1;1;0;1;1;0;0;0;0;1;1;0;0;0;0;1;0;1;1;1;0;0;0;1;0;0;0;0;0;1;0;1;0;0;0;1;0;0;0;1;0;0;1;1;0;0;1;0;1;0;0;0;0;0;0;0;0;0;0;0;0;0;0;1;0;0;0;0;0;0;0;0;0;0;0;0;0
superpower_Gliding;0;1;2;0;0;1;1;3;1;0;0;0;2;0;0;0;0;1;0;0;0;4;0;0;0;0;0;0;0;8;1;3;0;0;0;0;0;0;0;0;0;0;0;0;0;0;0;0;0;0;0;0;0;0;0;0;0;0;0;0;0;0;0;0;0;0;0;0;0;0;0;0;0;0;1;0;0;0;0;0;0;0;0;0;0;0;0;0;0;0;0;0;0;0;0;0;0;0;0;0;0;0;0;0;0;0;0;0;0;0;0;0;0;0;0;0;0;0;0;0;0;0;0;0;0;0;0;1;0;0;0;0;0;0;0;0;0;0;0;0;0;0;0;0;0;0;0;0;0;0;0;0;0;0;0;0;0;0
superpower_Toxin_and_Disease_Resistance;1;8;14;3;10;8;17;22;0;1;1;0;13;7;3;1;2;2;0;0;0;8;2;1;0;0;11;1;0;1;56;2;0;2;3;1;0;0;4;2;5;0;0;1;0;1;0;2;9;4;1;1;0;0;0;2;0;1;0;3;0;0;0;2;2;0;1;5;0;4;0;0;2;0;0;0;0;0;0;0;0;1;0;0;0;1;1;0;0;2;2;0;0;0;0;0;1;0;1;0;0;0;0;1;0;0;0;0;0;0;0;0;1;0;0;0;0;2;0;0;0;0;0;0;1;1;0;0;0;0;1;0;1;0;0;0;0;1;0;0;0;0;1;0;0;0;0;0;0;0;1;0;0;0;0;1;0;0
superpower_Vision_-_Telescopic;4;7;19;8;5;7;15;24;2;3;2;1;15;2;1;11;2;9;5;0;1;22;5;4;4;4;19;1;1;3;2;56;0;1;0;0;2;1;4;16;10;0;8;0;0;0;1;6;12;2;1;2;0;0;0;2;0;1;1;0;0;0;0;1;1;0;8;0;0;2;0;0;0;0;1;1;0;5;0;4;5;2;1;0;1;12;0;0;0;0;0;5;0;0;0;1;10;0;0;0;0;0;0;0;1;0;0;0;1;0;0;0;13;0;0;0;2;0;1;0;2;0;0;1;12;0;0;1;0;3;0;0;0;0;0;0;0;0;0;0;0;0;0;0;0;0;1;0;0;0;0;0;0;0;0;0;0;0
superpower_Animal_Attributes;1;8;6;1;0;6;7;11;2;0;0;0;5;0;2;0;0;1;0;2;0;4;0;0;0;0;8;0;0;0;0;0;32;11;2;3;1;0;1;0;6;0;3;6;0;0;0;0;0;0;0;0;0;0;0;0;0;0;0;0;1;0;0;1;0;3;5;6;1;3;1;0;0;0;0;0;0;0;0;0;0;0;0;0;1;0;0;0;1;0;0;1;0;0;0;0;1;0;0;0;0;0;0;0;0;0;0;0;0;0;0;0;0;0;0;0;0;2;0;0;0;0;0;0;0;0;0;0;0;0;0;0;0;0;0;0;0;0;0;0;0;2;0;0;0;0;0;0;0;0;1;0;0;0;0;0;0;0
superpower_Animal_Oriented_Powers;0;14;11;1;2;9;12;19;2;0;0;0;12;0;2;0;0;1;0;3;0;8;0;0;0;0;13;0;0;0;2;1;11;52;2;2;3;0;3;3;10;0;2;7;0;0;0;2;1;0;0;0;0;0;0;0;0;0;0;0;1;0;0;0;0;0;5;8;1;4;1;0;0;0;0;0;0;1;0;0;0;1;0;1;0;1;0;0;1;0;0;1;0;0;0;1;2;0;0;0;0;0;0;0;0;0;0;0;0;0;0;0;1;0;0;0;2;2;1;0;0;0;0;0;1;0;0;0;0;0;0;0;0;0;0;0;0;0;0;0;0;2;0;0;0;0;0;0;0;0;1;0;0;0;0;0;0;0
superpower_Toxikinesis;0;1;2;0;0;1;2;4;0;1;0;0;0;1;1;0;0;0;0;0;0;2;0;1;0;0;1;0;0;0;3;0;2;2;12;1;0;0;1;1;0;0;0;2;0;0;0;0;1;0;0;0;0;0;0;0;0;0;0;0;0;0;0;0;1;0;1;1;0;0;0;0;0;0;0;0;0;0;0;0;0;0;0;0;0;0;0;0;1;0;0;0;0;0;0;0;1;0;0;0;0;0;0;0;0;0;0;0;0;0;0;0;0;0;0;0;0;4;0;0;0;0;0;0;0;0;0;0;0;0;1;0;0;0;0;0;0;0;0;0;0;0;0;0;0;0;0;0;0;0;1;0;0;0;0;1;0;0
superpower_Empathy;2;3;3;1;1;0;1;4;2;1;1;0;1;3;0;0;0;2;0;0;2;4;1;0;1;1;3;3;0;0;1;0;3;2;1;16;2;0;1;1;0;0;0;2;0;2;1;0;2;0;1;0;0;0;0;0;0;1;0;2;0;1;1;1;2;1;0;2;1;3;1;0;1;0;1;0;0;0;0;0;1;0;0;1;0;0;0;0;0;0;1;0;0;0;0;0;0;0;0;0;0;0;0;0;1;0;0;0;0;0;1;0;0;0;0;0;1;1;0;1;1;0;0;0;0;0;0;0;0;0;0;1;0;0;0;0;0;1;0;0;0;0;0;0;0;0;0;0;0;0;0;0;0;0;0;0;0;0
superpower_Size_Changing;1;4;9;8;3;4;6;24;11;1;0;1;5;11;1;5;2;13;1;0;8;17;8;0;4;4;10;8;4;0;0;2;1;3;0;2;72;1;3;2;3;0;1;1;0;4;2;2;16;6;2;0;4;0;0;7;0;4;1;2;1;0;0;0;1;0;1;1;2;14;1;0;4;3;6;2;0;0;2;1;1;1;1;0;2;4;1;1;2;1;4;2;0;0;0;0;1;0;2;0;2;1;0;0;1;0;0;0;0;0;2;0;2;0;1;5;1;0;1;0;1;0;0;1;2;0;0;1;0;2;0;0;0;0;0;0;0;0;0;0;1;0;1;0;1;0;0;0;0;0;0;0;0;0;0;0;0;0
superpower_Hydrokinesis;1;1;3;1;1;3;1;5;4;4;0;1;0;0;0;0;1;1;0;0;0;2;2;0;1;1;3;1;1;0;0;1;0;0;0;0;1;16;2;1;1;0;1;0;0;0;0;1;1;0;1;0;0;0;0;0;0;0;0;1;0;0;0;0;0;0;1;0;0;1;0;0;0;0;0;1;1;0;0;1;1;1;0;0;0;1;0;0;0;0;0;2;0;0;0;0;1;1;1;0;0;1;1;2;3;0;0;0;0;0;0;0;1;0;0;0;1;0;0;0;1;0;0;1;1;0;2;3;1;1;0;0;0;0;0;0;0;1;0;0;0;0;0;0;0;0;0;0;0;0;0;0;0;0;0;0;0;0
superpower_Endurance;4;11;22;8;7;15;19;33;7;4;3;2;12;2;0;1;0;4;2;0;0;11;2;1;3;3;25;3;1;0;4;4;1;3;1;1;3;2;74;6;11;1;3;2;0;1;0;3;9;5;1;0;1;0;0;0;0;1;2;2;0;0;0;1;2;1;6;3;4;5;0;0;1;0;3;2;1;2;0;1;2;4;3;1;1;5;0;0;0;0;1;2;0;0;2;1;3;0;1;0;0;1;1;1;2;0;0;0;0;0;0;0;4;0;0;0;1;0;1;0;1;0;0;1;4;0;0;1;0;1;0;1;1;0;0;1;0;0;0;0;0;0;1;0;0;1;0;0;0;0;2;0;0;0;0;0;0;0
superpower_Enhanced_Hearing;3;6;14;12;6;7;18;21;4;2;3;1;13;2;0;9;1;7;2;0;2;20;4;4;2;3;19;2;1;0;2;16;0;3;1;1;2;1;6;56;14;3;6;1;0;1;2;3;13;1;1;0;1;0;0;1;0;1;1;1;1;1;2;1;1;0;8;0;1;1;0;0;1;0;3;2;0;2;0;3;6;1;1;0;2;12;0;0;0;0;1;2;0;0;1;2;10;0;0;0;0;0;0;0;1;0;0;1;2;1;0;0;10;0;0;0;1;0;1;0;2;0;0;1;11;0;0;2;0;1;0;0;0;0;0;0;0;0;0;0;1;0;0;0;0;0;1;0;0;0;0;0;0;0;0;0;1;1
superpower_Enhanced_Senses;4;22;21;10;10;17;28;38;6;2;3;1;24;0;1;7;1;5;2;3;3;20;4;4;2;3;30;1;2;0;5;10;6;10;0;0;3;1;11;14;96;1;8;4;0;0;0;5;14;2;1;1;0;0;0;1;0;2;2;2;1;0;0;2;1;3;15;10;1;8;0;0;0;0;1;3;0;1;0;2;6;2;1;0;2;9;0;0;0;0;0;4;0;0;0;2;6;0;0;0;1;1;0;1;1;1;1;1;2;1;0;0;8;0;0;0;2;1;2;1;1;0;1;1;8;0;0;1;0;1;0;1;0;0;0;0;0;1;0;0;0;1;0;0;0;0;0;0;0;0;0;0;0;0;0;0;0;0
superpower_Sonar;0;0;1;0;0;1;0;1;1;1;0;0;1;0;0;0;0;0;0;0;0;2;0;1;0;0;1;0;0;0;0;0;0;0;0;0;0;0;1;3;1;8;1;0;0;0;0;1;0;0;0;0;0;0;0;0;0;0;0;0;0;1;2;0;0;0;1;0;0;0;0;0;0;0;0;0;0;0;0;0;0;0;0;0;0;0;0;0;0;0;0;0;0;0;0;0;0;0;0;0;0;0;0;0;0;0;0;0;0;0;0;0;0;0;0;0;0;0;0;0;0;0;0;0;0;0;0;0;0;0;0;0;0;0;0;0;0;0;0;0;0;0;0;0;0;0;0;0;0;0;0;0;0;0;0;0;0;0
superpower_Vision_-_Night;4;10;9;2;1;11;9;12;2;4;2;1;8;1;0;3;2;3;2;2;1;4;2;0;3;2;11;2;1;0;0;8;3;2;0;0;1;1;3;6;8;1;28;5;0;0;0;3;2;0;1;2;0;0;0;1;0;0;0;0;0;0;0;1;1;1;4;3;0;1;0;0;0;0;0;1;0;0;0;2;3;1;1;0;1;2;0;0;0;0;0;3;0;0;0;0;1;0;0;0;0;0;0;0;1;0;0;0;0;0;0;0;2;0;0;0;3;1;0;0;2;0;0;1;2;0;0;1;0;3;0;0;0;0;0;0;0;0;0;0;0;1;0;0;0;0;1;0;0;0;0;0;0;0;0;0;0;0
superpower_Wallcrawling;1;16;10;1;1;15;14;18;2;0;1;0;11;0;0;0;0;2;0;6;1;4;0;1;0;0;16;2;0;0;1;0;6;7;2;2;1;0;2;1;4;0;5;38;0;1;0;3;0;0;1;0;0;0;0;0;0;0;0;1;1;0;0;0;1;1;7;9;1;7;1;0;0;0;0;0;0;0;0;0;1;0;0;4;0;0;0;0;1;0;0;0;0;0;0;0;1;0;0;0;0;0;0;0;1;0;0;0;0;0;0;0;0;0;0;0;6;2;0;1;1;0;0;1;0;0;0;0;0;0;0;0;0;0;0;0;0;1;0;0;0;4;0;0;0;0;0;0;0;0;1;0;0;0;0;0;0;0
superpower_Energy_Armor;0;0;0;0;0;0;0;1;0;0;0;0;0;1;0;2;0;0;0;0;0;1;1;0;0;0;1;0;0;0;0;0;0;0;0;0;0;0;0;0;0;0;0;0;6;1;0;0;0;0;0;0;0;0;0;0;0;0;0;0;0;0;0;0;0;0;0;0;0;0;0;0;0;0;1;0;0;0;0;0;0;0;0;0;0;0;0;0;0;0;0;0;0;0;0;0;0;0;0;0;0;0;0;0;0;0;0;0;0;0;0;0;0;0;0;0;0;0;0;0;0;0;0;0;0;0;0;0;0;0;0;0;0;0;0;0;0;0;0;0;0;0;0;0;0;0;0;0;0;0;0;0;0;0;0;0;0;0
superpower_Psionic_Powers;0;4;4;3;2;1;5;10;15;0;0;0;3;6;1;5;5;8;0;0;9;12;10;1;2;2;3;6;0;0;1;0;0;0;0;2;4;0;1;1;0;0;0;1;1;62;1;1;3;0;0;0;1;0;0;3;1;8;1;1;1;1;1;0;0;0;0;1;1;2;0;0;2;2;11;1;1;0;0;0;0;0;1;0;0;0;9;7;9;1;6;0;0;0;0;1;0;0;0;1;0;0;0;0;4;0;0;0;0;0;4;3;0;0;0;0;1;0;1;0;1;1;0;1;0;0;0;0;0;1;0;3;1;0;0;0;0;0;0;0;0;0;0;0;0;0;0;0;0;0;1;0;0;0;0;0;0;0
superpower_Omnilingualism;0;0;1;4;1;1;1;5;2;0;0;0;1;2;0;1;0;2;0;0;1;5;2;2;1;1;3;2;0;0;0;1;0;0;0;1;2;0;0;2;0;0;0;0;0;1;12;1;3;2;0;0;0;0;0;0;0;1;0;1;0;0;0;0;0;0;0;0;0;1;0;0;1;0;1;0;0;0;1;1;0;0;0;0;1;0;0;0;0;0;1;0;0;0;2;1;0;0;0;0;0;0;0;0;0;0;0;0;0;0;0;0;0;0;0;1;0;0;0;0;0;0;0;0;0;0;0;0;0;0;0;0;0;0;0;0;0;0;0;0;0;0;0;0;0;0;0;0;0;0;0;0;0;0;0;0;0;0
superpower_Weapon-based_Powers;11;15;20;7;5;10;21;25;1;3;8;1;12;1;1;3;3;12;6;3;0;13;7;1;3;2;19;6;1;0;2;6;0;2;0;0;2;1;3;3;5;1;3;3;0;1;1;96;5;1;1;3;0;0;0;1;1;0;0;3;0;0;0;6;2;0;6;3;1;5;0;0;1;0;1;1;0;2;1;1;1;0;2;3;1;1;0;0;1;1;1;3;0;0;0;2;1;0;1;0;0;0;0;1;3;0;0;0;0;0;1;0;1;0;0;0;4;1;2;0;1;0;0;1;1;0;0;4;0;4;0;0;0;0;0;0;0;1;0;0;0;2;0;1;0;0;0;1;0;0;0;0;0;0;0;0;0;0
superpower_Invulnerability;2;9;28;18;15;10;35;57;11;2;2;1;22;18;1;14;3;19;1;1;11;38;14;6;5;5;40;13;3;0;9;12;0;1;1;2;16;1;9;13;14;0;2;0;0;3;3;5;122;13;4;0;3;0;0;6;1;4;4;7;2;0;0;0;1;0;9;2;2;9;0;0;5;2;9;4;0;2;1;2;3;3;3;0;2;15;0;0;1;1;3;2;0;0;4;2;11;0;2;0;1;3;0;1;2;0;1;0;0;1;2;0;10;0;1;3;1;1;1;0;2;0;0;1;13;0;0;2;0;2;0;1;1;0;0;1;0;1;0;0;0;0;3;0;1;0;1;0;0;0;0;0;0;0;0;0;0;0
superpower_Self-Sustenance;0;0;12;6;7;4;9;19;5;0;1;0;7;4;3;4;2;10;0;0;2;12;5;1;2;3;15;2;0;0;4;2;0;0;0;0;6;0;5;1;2;0;0;0;0;0;2;1;13;42;2;0;1;0;0;5;0;3;1;3;1;0;0;0;0;0;1;1;2;3;0;0;1;0;4;2;0;0;1;2;0;1;1;0;1;2;1;0;1;1;0;2;0;0;3;1;0;0;2;0;1;1;0;0;0;0;0;0;0;0;1;0;2;0;1;0;0;0;1;0;0;0;0;0;1;1;0;1;0;0;0;1;0;0;0;0;0;0;0;0;0;0;2;0;0;0;0;0;1;0;0;0;0;0;0;0;0;0
superpower_Duplication;3;3;2;2;5;1;5;6;2;1;2;1;2;3;1;0;0;3;0;1;3;3;3;0;1;1;5;4;1;0;1;1;0;0;0;1;2;1;1;1;1;0;1;1;0;0;0;1;4;2;16;1;0;0;0;1;0;0;0;1;1;0;0;0;1;0;1;0;0;3;0;0;0;0;1;1;0;0;0;1;3;0;0;0;0;1;0;0;0;0;0;1;0;0;0;0;1;0;0;0;0;0;0;0;2;0;0;0;0;1;1;0;1;0;1;0;2;0;0;1;2;0;0;1;1;0;0;1;0;1;0;0;0;0;0;0;0;1;0;0;0;0;0;0;0;0;0;0;0;0;0;0;0;0;0;0;0;0
superpower_Radiation_Immunity;2;0;3;0;1;1;1;4;0;2;0;0;1;0;1;2;2;2;3;0;0;4;1;0;2;1;3;0;0;0;1;2;0;0;0;0;0;0;0;0;1;0;2;0;0;0;0;3;0;0;1;10;0;0;0;0;0;0;0;0;0;0;0;0;0;0;0;1;0;1;0;0;0;0;0;0;0;0;0;0;0;0;1;0;0;0;0;0;0;0;0;2;0;0;0;0;0;0;0;0;0;0;0;0;0;0;0;0;0;0;0;0;0;0;0;0;0;0;0;0;0;0;0;0;0;0;0;0;0;2;0;0;0;0;0;0;0;0;0;0;0;0;0;0;0;0;0;0;0;0;0;0;0;0;0;0;0;0
superpower_Density_Control;0;2;3;1;0;1;3;6;2;0;0;0;3;2;1;2;1;2;0;0;0;3;1;0;1;1;2;0;0;0;0;0;0;0;0;0;4;0;1;1;0;0;0;0;0;1;0;0;3;1;0;0;16;0;0;1;0;1;2;0;0;0;0;0;0;0;0;1;2;5;0;0;0;0;1;0;0;0;0;0;0;1;1;0;1;1;1;0;1;2;3;0;0;0;0;0;0;0;0;0;0;0;0;0;0;0;0;0;0;0;0;1;0;0;0;2;1;0;0;0;0;0;0;1;0;0;0;0;0;0;0;0;0;0;0;0;0;0;0;0;0;0;0;0;0;0;0;0;0;0;0;0;1;0;0;0;0;0
superpower_Illumination;0;0;2;0;0;2;0;0;0;0;0;0;0;0;0;0;0;0;0;0;0;0;0;0;0;0;2;0;0;0;0;0;0;0;0;0;0;0;0;0;0;0;0;0;0;0;0;0;0;0;0;0;0;4;1;2;0;0;0;0;0;0;0;0;0;0;0;0;0;0;0;0;0;0;0;0;0;0;0;0;0;0;0;0;0;0;0;0;0;0;0;0;0;0;0;0;0;0;0;0;0;0;0;0;0;0;0;0;0;0;0;0;0;0;0;0;0;0;0;0;0;0;0;0;0;0;0;0;0;0;0;0;0;0;0;0;0;0;0;0;0;0;0;0;0;0;0;0;0;0;0;0;0;0;0;0;0;0
superpower_Molecular_Combustion;0;0;1;0;0;1;0;0;0;0;0;0;0;0;0;0;0;0;0;0;0;0;0;0;0;0;1;0;0;0;0;0;0;0;0;0;0;0;0;0;0;0;0;0;0;0;0;0;0;0;0;0;0;1;2;1;0;0;0;0;0;0;0;0;0;0;0;0;0;0;0;0;0;0;0;0;0;0;0;0;0;0;0;0;0;0;0;0;0;0;0;0;0;0;0;0;0;0;0;0;0;0;0;0;0;0;0;0;0;0;0;0;0;0;0;0;0;0;0;0;0;0;0;0;0;0;0;0;0;0;0;0;0;0;0;0;0;0;0;0;0;0;0;0;0;0;0;0;0;0;0;0;0;0;0;0;0;0
superpower_Molecular_Manipulation;0;5;11;4;3;4;8;19;8;0;1;0;6;9;1;8;2;11;0;0;8;12;6;0;0;1;16;5;4;0;2;2;0;0;0;0;7;0;0;1;1;0;1;0;0;3;0;1;6;5;1;0;1;2;1;50;0;4;1;3;1;0;1;0;0;1;0;0;1;7;0;0;3;1;7;0;0;0;1;1;0;1;1;0;2;1;4;3;5;1;4;2;0;0;0;0;1;1;3;0;1;0;0;0;2;0;1;0;0;0;5;0;2;0;1;0;0;0;0;0;1;0;0;1;1;0;0;1;0;0;0;2;0;0;0;0;0;0;0;1;0;0;2;0;1;0;1;0;0;0;0;0;1;0;0;0;0;0
superpower_Astral_Travel;0;0;0;0;0;0;2;2;2;0;0;0;0;0;0;0;0;1;0;0;0;3;1;0;1;1;2;3;0;0;0;0;0;0;0;0;0;0;0;0;0;0;0;0;0;1;0;1;1;0;0;0;0;0;0;0;6;2;2;2;1;0;0;0;0;0;0;0;0;0;0;0;0;0;1;0;0;0;0;0;0;0;0;0;0;0;1;0;1;0;0;0;0;0;0;0;0;0;1;0;0;0;0;0;0;0;0;0;0;0;0;0;0;0;0;0;0;0;0;0;0;0;0;0;0;0;0;0;0;0;0;0;0;0;0;0;0;0;0;0;0;0;0;0;0;0;0;1;0;0;0;0;0;0;0;0;0;0
superpower_Illusions;0;1;4;2;2;0;3;7;13;0;0;0;4;4;1;3;0;3;0;0;4;9;6;2;4;4;5;5;0;0;1;1;0;0;0;1;4;0;1;1;2;0;0;0;0;8;1;0;4;3;0;0;1;0;0;4;2;30;4;3;1;0;0;0;0;1;0;0;1;2;0;0;3;1;7;1;0;0;0;0;0;0;0;0;1;1;10;6;7;2;6;2;0;0;0;0;0;0;2;1;2;1;0;0;2;0;0;0;0;0;2;2;1;1;0;0;1;0;1;0;0;0;0;0;1;0;0;0;0;1;0;3;0;0;0;0;0;0;0;0;0;0;0;0;0;0;0;0;0;0;0;0;0;0;0;0;0;0
superpower_Intangibility;0;2;3;2;1;1;4;7;4;0;0;1;0;2;1;1;1;3;0;0;0;9;2;1;4;6;6;6;0;0;0;1;0;0;0;0;1;0;2;1;2;0;0;0;0;1;0;0;4;1;0;0;2;0;0;1;2;4;26;3;1;0;0;0;0;0;0;1;1;3;0;0;3;0;3;2;0;0;0;0;0;0;0;0;1;2;2;0;1;0;1;1;0;0;0;0;0;0;1;0;1;1;0;0;0;0;1;0;0;0;1;1;1;1;0;0;0;0;1;0;0;0;0;0;2;0;0;0;0;0;0;0;1;0;0;0;0;0;0;1;0;0;1;0;0;0;0;0;0;0;0;0;0;0;0;0;0;0
superpower_Magic;1;4;6;5;8;3;13;16;5;0;2;1;7;5;0;1;1;7;0;0;2;11;3;2;3;1;11;11;1;0;3;0;0;0;0;2;2;1;2;1;2;0;0;1;0;1;1;3;7;3;1;0;0;0;0;3;2;3;3;50;1;0;0;0;1;0;0;1;0;5;0;0;4;0;3;1;1;0;0;1;1;0;0;1;0;0;2;0;0;0;0;0;0;0;2;1;0;1;5;0;1;0;0;1;3;0;0;0;0;0;1;1;0;1;0;0;1;0;0;1;1;0;1;0;0;0;0;1;0;0;0;1;2;0;0;0;0;3;0;0;0;0;1;0;0;0;0;1;0;0;0;0;0;0;1;0;0;0
superpower_Precognition;0;1;1;0;0;0;2;4;2;0;0;0;1;1;0;0;0;2;0;0;1;3;1;1;1;0;3;2;0;0;0;0;1;1;0;0;1;0;0;1;1;0;0;1;0;1;0;0;2;1;1;0;0;0;0;1;1;1;1;1;10;0;0;0;0;0;0;0;0;1;0;0;0;0;2;0;0;0;0;1;0;0;0;0;0;0;0;0;0;0;0;0;0;0;0;0;0;0;0;0;0;0;0;0;0;0;0;0;0;0;0;0;0;0;1;0;0;0;0;0;0;0;0;1;0;0;0;1;0;0;0;0;0;0;0;0;0;0;0;0;1;0;0;0;0;0;0;0;0;0;0;0;0;0;0;0;1;1
superpower_Audiokinesis;0;1;1;0;0;1;1;1;0;0;0;0;0;0;0;0;0;1;0;0;0;3;0;0;0;0;1;0;0;0;0;0;0;0;0;1;0;0;0;1;0;1;0;0;0;1;0;0;0;0;0;0;0;0;0;0;0;0;0;0;0;10;4;0;0;0;0;0;0;0;0;0;0;0;1;0;0;0;0;0;0;0;0;0;0;0;0;0;0;0;0;0;0;0;0;0;0;0;0;0;0;0;0;0;0;0;0;0;0;0;1;0;0;0;0;0;0;0;0;0;0;0;0;0;0;0;0;0;0;0;0;0;0;0;0;0;0;0;0;0;0;0;0;0;0;0;0;0;0;0;0;0;0;0;0;0;0;0
superpower_Sonic_Scream;0;1;2;0;1;1;1;2;2;0;0;0;0;0;0;1;0;2;0;0;0;4;0;0;0;0;1;0;0;0;0;0;0;0;0;1;0;0;0;2;0;2;0;0;0;1;0;0;0;0;0;0;0;0;0;1;0;0;0;0;0;4;14;0;0;0;0;0;0;1;0;0;0;0;1;0;0;0;0;0;0;0;0;0;0;0;0;0;0;0;0;0;0;0;0;0;0;0;0;0;0;0;0;0;0;0;0;0;0;0;1;0;0;0;0;0;0;0;0;0;0;0;0;0;0;0;0;0;0;0;0;0;0;0;0;0;0;0;0;0;0;0;0;0;0;0;0;0;0;0;0;0;0;0;0;0;0;0
superpower_Human_physical_perfection;12;8;0;4;1;4;4;1;1;0;7;0;1;0;0;2;0;1;0;1;1;1;1;1;0;0;0;0;0;0;2;1;1;0;0;1;0;0;1;1;2;0;1;0;0;0;0;6;0;0;0;0;0;0;0;0;0;0;0;0;0;0;0;44;5;1;0;0;0;0;0;0;0;0;1;0;0;0;1;1;1;0;0;0;0;0;0;0;0;0;1;0;0;0;0;1;0;0;0;0;0;0;0;0;0;0;0;0;0;0;0;0;0;0;0;0;0;0;0;0;0;0;0;0;0;0;0;0;0;0;0;0;0;0;0;0;0;0;0;0;0;0;0;0;0;0;0;0;0;0;0;0;0;0;0;0;0;0
superpower_Stealth;7;9;2;4;2;3;9;3;1;1;7;0;1;1;0;0;0;1;1;1;1;1;0;1;0;0;1;1;0;0;2;1;0;0;1;2;1;0;2;1;1;0;1;1;0;0;0;2;1;0;1;0;0;0;0;0;0;0;0;1;0;0;0;5;22;0;0;1;0;1;0;0;0;0;0;0;0;0;1;1;2;0;0;0;0;0;0;0;0;0;1;0;0;0;0;0;0;0;0;0;0;0;0;0;1;0;0;0;0;0;0;0;0;0;0;0;1;1;0;1;1;0;0;0;0;0;0;0;0;0;0;0;0;0;0;0;0;1;0;0;0;0;0;0;0;0;0;0;0;0;0;0;0;0;0;0;0;0
superpower_Dexterity;1;4;1;1;0;2;3;4;1;0;0;0;3;0;0;0;0;0;0;1;0;1;1;0;0;0;3;0;0;0;0;0;3;0;0;1;0;0;1;0;3;0;1;1;0;0;0;0;0;0;0;0;0;0;0;1;0;1;0;0;0;0;0;1;0;10;2;2;0;0;0;0;0;0;1;0;0;0;0;0;0;0;0;0;2;0;1;1;1;1;1;1;0;0;0;0;0;0;0;0;0;0;0;0;0;0;0;0;0;0;0;0;0;0;0;0;0;0;0;0;0;0;0;0;0;0;0;0;0;0;0;0;0;0;0;0;0;0;0;0;0;0;0;0;0;0;0;0;0;0;0;0;0;0;0;0;0;0
superpower_Jump;1;11;23;7;6;10;19;30;2;1;0;1;19;1;2;7;0;3;1;6;0;8;2;5;1;1;21;1;1;0;1;8;5;5;1;0;1;1;6;8;15;1;4;7;0;0;0;6;9;1;1;0;0;0;0;0;0;0;0;0;0;0;0;0;0;2;64;8;0;4;0;0;0;0;1;1;0;1;0;1;2;0;0;3;0;8;0;0;1;1;0;1;0;0;0;1;9;0;0;0;0;0;0;0;1;0;0;0;0;0;0;0;6;0;0;0;3;2;1;0;1;0;0;1;8;2;0;1;1;1;0;0;0;0;0;0;0;0;0;0;1;3;0;0;0;0;0;0;0;0;1;0;0;0;0;0;0;0
superpower_Natural_Weapons;0;15;14;1;2;16;15;22;2;1;0;0;15;2;3;2;0;2;0;7;0;6;0;0;0;0;14;0;0;0;5;0;6;8;1;2;1;0;3;0;10;0;3;9;0;1;0;3;2;1;0;1;1;0;0;0;0;0;1;1;0;0;0;0;1;2;8;62;4;9;1;0;0;0;0;0;0;0;0;0;0;1;0;4;0;0;1;0;0;0;1;1;0;0;0;0;0;0;0;0;0;0;0;0;0;0;1;0;0;0;0;1;0;0;0;0;3;2;0;0;0;0;0;0;0;0;0;0;1;0;0;1;0;0;0;0;0;0;0;0;0;3;0;0;0;0;0;0;1;0;0;0;0;0;0;0;0;0
superpower_Natural_Armor;0;2;9;1;1;3;8;9;3;0;0;0;2;1;1;4;1;3;1;0;0;3;1;0;0;1;6;1;1;0;0;0;1;1;0;1;2;0;4;1;1;0;0;1;0;1;0;1;2;2;0;0;2;0;0;1;0;1;1;0;0;0;0;0;0;0;0;4;24;4;1;0;0;0;2;0;0;0;0;0;0;3;3;0;2;0;1;0;1;1;1;0;0;0;0;0;0;0;0;0;0;0;0;0;0;0;0;0;0;0;1;1;0;0;0;0;1;0;0;0;0;0;0;1;1;0;0;0;1;0;0;1;0;0;0;0;0;0;0;0;0;0;0;0;1;0;0;0;1;0;0;0;0;0;0;0;0;0
superpower_Shapeshifting;3;13;15;2;8;8;16;32;11;1;2;1;15;9;4;3;2;6;0;4;3;17;5;0;3;2;22;8;3;0;4;2;3;4;0;3;14;1;5;1;8;0;1;7;0;2;1;5;9;3;3;1;5;0;0;7;0;2;3;5;1;0;1;0;1;0;4;9;4;84;1;1;2;1;6;1;0;0;1;1;3;1;1;4;3;4;1;0;0;1;3;3;0;0;0;0;2;1;3;0;1;0;0;0;2;0;0;0;0;1;2;1;2;0;0;5;5;1;1;1;2;0;0;2;3;0;0;1;1;1;0;1;1;0;0;0;0;1;0;0;1;2;0;0;1;0;0;0;0;0;0;0;1;0;0;0;0;0
superpower_Sub-Mariner;0;1;1;0;0;0;0;1;0;0;0;0;0;0;0;0;0;0;0;0;0;1;0;0;0;0;1;0;0;0;0;0;1;1;0;1;1;0;0;0;0;0;0;1;0;0;0;0;0;0;0;0;0;0;0;0;0;0;0;0;0;0;0;0;0;0;0;1;1;1;2;0;0;0;0;0;0;0;0;0;0;0;0;0;0;0;0;0;0;0;0;0;0;0;0;0;0;0;0;0;0;0;0;0;0;0;0;0;0;0;0;0;0;0;0;0;0;0;0;0;0;0;0;0;0;0;0;0;0;0;0;0;0;0;0;0;0;0;0;0;0;0;0;0;0;0;0;0;0;0;0;0;0;0;0;0;0;0
superpower_Omnitrix;0;0;0;0;0;0;0;0;0;0;0;0;0;0;0;0;0;0;0;0;0;0;0;0;0;0;0;0;0;0;0;0;0;0;0;0;0;0;0;0;0;0;0;0;0;0;0;0;0;0;0;0;0;0;0;0;0;0;0;0;0;0;0;0;0;0;0;0;0;1;0;2;0;0;0;0;0;0;0;0;0;0;0;0;0;0;0;0;0;0;0;0;0;0;0;0;0;0;0;0;0;0;0;0;0;0;0;0;0;0;0;0;0;0;0;0;0;0;0;0;0;0;0;0;0;0;0;0;0;0;0;0;0;0;0;0;0;0;0;0;0;0;0;0;0;0;0;0;0;0;0;0;0;0;0;0;0;0
superpower_Cross-Dimensional_Awareness;1;1;2;3;3;1;3;5;3;0;1;0;2;6;1;1;0;3;0;0;4;5;4;1;2;2;3;7;1;0;2;0;0;0;0;1;4;0;1;1;0;0;0;0;0;2;1;1;5;1;0;0;0;0;0;3;0;3;3;4;0;0;0;0;0;0;0;0;0;2;0;0;20;2;2;1;0;0;0;0;0;0;0;0;0;0;2;0;0;1;2;0;0;0;0;0;0;0;3;0;1;1;0;0;0;0;0;0;0;0;0;0;0;1;0;0;0;0;0;0;0;0;0;0;0;0;0;0;0;0;0;0;1;0;0;0;0;0;0;0;0;0;2;0;0;0;0;0;0;0;0;0;0;0;1;0;0;0
superpower_Reality_Warping;0;0;0;1;0;0;0;3;2;0;0;0;0;1;0;1;0;1;0;0;2;2;2;0;0;0;0;1;1;0;0;0;0;0;0;0;3;0;0;0;0;0;0;0;0;2;0;0;2;0;0;0;0;0;0;1;0;1;0;0;0;0;0;0;0;0;0;0;0;1;0;0;2;6;2;0;0;0;0;0;0;0;0;0;0;0;1;1;1;0;1;0;0;0;0;0;0;0;0;0;0;0;0;0;0;0;0;0;0;0;0;0;0;0;0;0;0;0;0;0;0;0;0;0;0;0;0;0;0;1;0;0;0;0;0;0;0;0;0;0;0;0;0;0;0;0;0;0;0;0;0;0;0;0;0;0;0;0
superpower_Telekinesis;0;4;8;4;4;3;6;17;19;0;1;0;8;6;1;8;1;13;0;0;7;19;14;1;2;1;12;8;1;1;0;1;0;0;0;1;6;0;3;3;1;0;0;0;1;11;1;1;9;4;1;0;1;0;0;7;1;7;3;3;2;1;1;1;0;1;1;0;2;6;0;0;2;2;66;1;0;0;0;1;0;0;0;0;1;3;8;7;8;1;5;1;0;0;1;1;2;1;1;0;0;0;0;1;3;0;0;0;0;0;4;0;0;1;1;0;0;0;0;0;0;0;0;1;3;0;0;2;0;1;1;3;0;0;0;1;0;0;0;0;1;0;0;0;1;0;0;1;0;0;0;0;0;0;0;0;1;1
superpower_Time_Travel;1;1;5;2;3;5;2;7;3;1;0;1;4;1;0;3;0;8;1;0;2;8;5;0;1;3;8;5;1;0;0;1;0;0;0;0;2;1;2;2;3;0;1;0;0;1;0;1;4;2;1;0;0;0;0;0;0;1;2;1;0;0;0;0;0;0;1;0;0;1;0;0;1;0;1;32;0;0;1;2;1;0;0;0;1;2;1;0;0;0;0;1;0;0;0;0;1;0;1;0;1;2;0;0;3;0;0;0;0;0;1;0;1;0;0;0;1;0;0;0;2;0;0;1;1;0;0;1;0;1;0;0;1;0;0;0;0;0;0;1;0;0;1;0;0;0;0;0;0;0;0;1;0;0;0;0;0;0
superpower_Probability_Manipulation;1;4;0;0;0;4;2;2;2;0;0;0;0;0;0;0;1;1;0;0;0;0;0;0;0;0;2;1;0;0;0;0;0;0;0;0;0;1;1;0;0;0;0;0;0;1;0;0;0;0;0;0;0;0;0;0;0;0;0;1;0;0;0;0;0;0;0;0;0;0;0;0;0;0;0;0;10;1;0;0;0;0;1;0;0;0;0;0;0;0;1;0;0;0;0;0;0;1;0;0;0;0;0;0;2;0;0;0;0;0;0;0;0;0;0;0;0;0;0;0;0;0;0;0;1;0;0;1;0;0;0;0;0;0;0;0;0;1;0;0;0;0;0;0;0;0;0;0;0;0;0;0;0;0;0;0;0;0
superpower_Vision_-_Infrared;0;2;4;2;1;2;4;5;0;0;0;0;3;0;0;1;0;2;3;0;0;4;2;1;0;0;4;0;0;0;0;5;0;1;0;0;0;0;2;2;1;0;0;0;0;0;0;2;2;0;0;0;0;0;0;0;0;0;0;0;0;0;0;0;0;0;1;0;0;0;0;0;0;0;0;0;1;12;0;1;1;0;0;0;0;2;0;0;0;0;0;0;0;0;0;1;2;0;0;0;0;0;0;0;0;0;0;0;0;0;0;0;3;0;0;0;0;0;0;0;0;0;0;0;2;0;0;0;0;0;0;0;0;0;0;0;0;0;0;0;0;0;0;0;0;0;0;0;0;0;0;0;0;0;0;0;0;0
superpower_Electrokinesis;0;1;2;2;2;0;1;4;0;0;1;0;0;1;0;3;1;4;1;0;2;6;2;0;0;0;2;0;0;0;0;0;0;0;0;0;2;0;0;0;0;0;0;0;0;0;1;1;1;1;0;0;0;0;0;1;0;0;0;0;0;0;0;1;1;0;0;0;0;1;0;0;0;0;0;1;0;0;28;0;0;0;0;0;1;0;0;0;1;0;0;0;0;0;0;0;0;0;0;0;0;1;0;0;0;0;0;0;0;0;2;0;0;0;0;1;0;0;0;0;0;0;0;0;0;0;0;1;0;0;0;0;0;0;0;0;0;0;0;0;0;0;0;0;0;0;0;0;0;1;0;1;0;0;0;0;0;0
superpower_Enhanced_Memory;2;3;4;3;1;6;5;5;1;1;1;1;2;0;1;1;0;3;0;0;0;3;1;1;1;2;5;2;1;0;0;4;0;0;0;0;1;1;1;3;2;0;2;0;0;0;1;1;2;2;1;0;0;0;0;1;0;0;0;1;1;0;0;1;1;0;1;0;0;1;0;0;0;0;1;2;0;1;0;18;2;0;0;0;0;1;0;0;0;0;0;2;0;0;1;1;1;0;1;0;0;0;0;0;1;0;0;0;0;0;0;0;3;0;0;0;1;0;0;0;2;0;0;1;1;0;0;2;0;1;0;0;0;0;0;0;0;0;0;0;1;0;0;0;0;0;0;0;0;0;0;0;0;0;0;0;1;1
superpower_Enhanced_Smell;5;6;2;3;4;3;7;5;3;1;5;1;4;1;0;1;0;2;1;1;2;3;2;1;1;1;5;3;1;0;0;5;0;0;0;1;1;1;2;6;6;0;3;1;0;0;0;1;3;0;3;0;0;0;0;0;0;0;0;1;0;0;0;1;2;0;2;0;0;3;0;0;0;0;0;1;0;1;0;2;16;0;0;0;0;2;0;0;0;0;0;1;0;0;0;1;2;0;0;0;0;0;0;0;2;0;0;1;2;2;1;0;3;0;0;0;2;0;0;1;2;0;0;1;2;0;0;1;0;1;0;0;0;0;0;0;0;1;0;0;0;0;0;0;0;0;0;0;0;0;0;0;0;0;0;0;0;0
superpower_Cold_Resistance;0;3;9;1;3;3;6;11;0;0;0;0;3;3;0;0;0;2;3;0;2;3;1;0;0;0;3;0;1;0;1;2;0;1;0;0;1;1;4;1;2;0;1;0;0;0;0;0;3;1;0;0;1;0;0;1;0;0;0;0;0;0;0;0;0;0;0;1;3;1;0;0;0;0;0;0;0;0;0;0;0;28;8;1;1;0;0;0;0;1;1;1;0;0;0;0;0;0;0;0;0;0;0;0;0;0;0;0;0;0;0;0;0;0;0;1;0;0;0;0;0;0;0;0;0;0;1;3;1;0;0;0;0;0;0;0;0;0;0;0;0;0;0;0;0;0;0;0;0;0;0;0;0;0;0;0;0;0
superpower_Heat_Resistance;0;3;9;0;0;2;7;11;0;0;0;0;2;2;0;1;1;6;3;0;4;6;1;0;0;0;4;1;1;0;0;1;0;0;0;0;1;0;3;1;1;0;1;0;0;1;0;2;3;1;0;1;1;0;0;1;0;0;0;0;0;0;0;0;0;0;0;0;3;1;0;0;0;0;0;0;1;0;0;0;0;8;34;1;1;0;0;0;0;1;2;0;0;0;0;1;0;0;0;0;0;0;0;0;6;0;0;0;0;0;0;0;0;0;0;1;0;0;4;0;0;0;0;0;1;0;2;0;0;0;0;0;0;0;0;0;0;0;0;0;0;0;0;0;0;0;0;0;0;0;0;0;0;0;0;0;0;0
superpower_Symbiote_Costume;0;3;5;0;0;4;4;6;0;0;0;0;5;1;0;0;0;1;1;4;1;2;1;0;0;0;5;1;0;0;0;0;0;1;0;1;0;0;1;0;0;0;0;4;0;0;0;3;0;0;0;0;0;0;0;0;0;0;0;1;0;0;0;0;0;0;3;4;0;4;0;0;0;0;0;0;0;0;0;0;0;1;1;12;1;0;0;0;0;0;0;0;0;0;0;0;0;0;0;0;0;0;0;0;0;0;0;0;0;0;0;0;0;0;0;0;3;0;0;0;0;0;0;0;0;0;0;0;0;0;0;1;0;0;0;0;0;0;0;0;0;2;0;0;0;0;0;0;0;0;0;0;0;0;0;0;0;0
superpower_Technopath/Cyberpath;0;2;4;1;0;1;4;9;2;0;0;0;2;2;1;3;2;2;1;0;2;6;3;0;0;1;4;0;1;0;0;1;1;0;0;0;2;0;1;2;2;0;1;0;0;0;1;1;2;1;0;0;1;0;0;2;0;1;1;0;0;0;0;0;0;2;0;0;2;3;0;0;0;0;1;1;0;0;1;0;0;1;1;1;22;1;1;1;1;1;2;1;0;0;0;0;0;0;0;1;0;0;0;0;0;0;0;0;0;0;0;0;1;0;0;1;0;0;0;0;1;0;0;0;1;0;0;0;0;0;0;0;0;0;0;0;0;0;0;0;1;0;0;0;0;0;1;0;0;0;0;0;0;0;0;0;0;0
superpower_Vision_-_X-Ray;1;2;10;7;5;1;9;16;3;1;0;1;9;1;0;9;0;6;2;0;2;16;4;4;3;2;14;1;1;0;1;12;0;1;0;0;4;1;5;12;9;0;2;0;0;0;0;1;15;2;1;0;1;0;0;1;0;1;2;0;0;0;0;0;0;0;8;0;0;4;0;0;0;0;3;2;0;2;0;1;2;0;0;0;1;32;0;0;0;0;0;2;0;0;0;1;10;0;0;0;0;0;0;0;1;0;0;0;0;0;0;0;10;0;0;0;1;0;1;0;2;0;0;1;13;0;0;1;0;1;0;0;0;0;0;0;0;0;0;0;0;0;0;0;0;0;1;0;0;0;0;0;0;0;0;0;0;0
superpower_Astral_Projection;0;1;3;1;2;0;2;4;11;0;0;0;3;4;1;3;0;3;0;0;3;6;6;1;1;1;2;3;0;0;1;0;0;0;0;0;1;0;0;0;0;0;0;0;0;9;0;0;0;1;0;0;1;0;0;4;1;10;2;2;0;0;0;0;0;1;0;1;1;1;0;0;2;1;8;1;0;0;0;0;0;0;0;0;1;0;24;6;7;2;5;1;0;0;0;0;0;0;2;1;0;0;0;0;3;0;0;0;0;0;2;3;0;1;0;0;1;0;0;0;0;0;0;0;0;0;0;0;0;1;0;3;0;0;0;0;0;0;0;0;0;0;0;0;0;0;0;0;0;0;0;0;0;0;0;0;0;0
superpower_Mind_Blast;0;1;2;2;0;0;1;3;9;0;0;0;2;2;1;2;1;2;0;0;2;4;5;0;0;0;2;2;0;0;0;0;0;0;0;0;1;0;0;0;0;0;0;0;0;7;0;0;0;0;0;0;0;0;0;3;0;6;0;0;0;0;0;0;0;1;0;0;0;0;0;0;0;1;7;0;0;0;0;0;0;0;0;0;1;0;6;20;7;2;5;1;0;0;0;0;0;0;0;1;0;0;0;0;2;0;0;0;0;0;2;1;0;0;0;0;0;0;0;0;0;0;0;0;0;0;0;0;0;1;0;3;0;0;0;0;0;0;0;0;0;0;0;0;0;0;0;0;0;0;0;0;0;0;0;0;0;0
superpower_Mind_Control;0;2;4;3;0;0;4;6;9;0;1;0;2;3;0;2;2;3;0;0;3;5;6;0;0;1;2;2;0;0;0;0;1;1;1;0;2;0;0;0;0;0;0;1;0;9;0;1;1;1;0;0;1;0;0;5;1;7;1;0;0;0;0;0;0;1;1;0;1;0;0;0;0;1;8;0;0;0;1;0;0;0;0;0;1;0;7;7;26;2;5;1;0;0;0;0;1;0;0;1;0;0;0;0;2;0;0;0;0;0;3;2;0;0;0;0;1;1;0;0;0;0;0;0;0;0;0;1;0;1;0;2;0;0;0;0;0;0;0;0;0;0;0;0;0;0;0;0;0;0;1;0;0;0;0;0;0;0
superpower_Mind_Control_Resistance;1;2;3;1;2;1;3;3;3;0;1;0;3;2;1;0;0;0;0;0;0;1;1;0;0;0;2;2;0;0;2;0;0;0;0;0;1;0;0;0;0;0;0;0;0;1;0;1;1;1;0;0;2;0;0;1;0;2;0;0;0;0;0;0;0;1;1;0;1;1;0;0;1;0;1;0;0;0;0;0;0;1;1;0;1;0;2;2;2;12;5;1;0;0;0;0;0;0;0;0;0;0;0;0;0;0;0;0;0;0;0;1;0;0;0;1;1;0;0;0;0;0;0;0;0;1;0;0;0;0;0;0;0;0;0;0;0;0;0;0;0;0;0;0;0;0;0;0;0;0;0;0;0;0;0;0;0;0
superpower_Telepathy_Resistance;3;7;4;4;1;3;3;7;9;0;3;0;4;6;1;2;1;1;0;1;4;4;5;1;1;2;1;4;1;0;2;0;0;0;0;1;4;0;1;1;0;0;0;0;0;6;1;1;3;0;0;0;3;0;0;4;0;6;1;0;0;0;0;1;1;1;0;1;1;3;0;0;2;1;5;0;1;0;0;0;0;1;2;0;2;0;5;5;5;5;38;1;0;0;0;0;0;0;0;1;0;0;0;0;3;0;0;0;0;0;2;1;0;0;0;2;1;0;0;0;0;0;0;0;1;0;0;0;0;1;0;2;0;0;0;0;0;1;0;0;0;0;0;0;0;0;0;0;0;0;0;0;0;0;0;0;0;0
superpower_Vision_-_Thermal;3;3;6;1;1;3;2;9;3;3;0;1;3;0;1;3;2;4;2;0;0;6;3;0;4;4;7;1;1;0;0;5;1;1;0;0;2;2;2;2;4;0;3;0;0;0;0;3;2;2;1;2;0;0;0;2;0;2;1;0;0;0;0;0;0;1;1;1;0;3;0;0;0;0;1;1;0;0;0;2;1;1;0;0;1;2;1;1;1;1;1;18;0;0;0;0;1;0;0;0;0;0;0;0;1;0;0;0;0;0;0;0;3;0;0;0;1;0;1;0;1;0;0;1;2;0;1;2;1;3;0;0;0;0;0;0;0;0;0;0;0;0;0;0;0;0;0;0;0;0;0;0;0;0;0;0;0;0
superpower_Hyperkinesis;1;0;0;0;0;0;0;0;0;0;0;0;0;0;0;0;0;0;0;0;0;0;0;0;0;0;0;0;0;0;0;0;0;0;0;0;0;0;0;0;0;0;0;0;0;0;0;0;0;0;0;0;0;0;0;0;0;0;0;0;0;0;0;0;0;0;0;0;0;0;0;0;0;0;0;0;0;0;0;0;0;0;0;0;0;0;0;0;0;0;0;0;2;1;0;0;0;0;0;0;0;0;0;0;0;0;0;0;0;0;0;0;0;0;0;0;0;0;0;0;0;0;0;0;0;0;0;0;0;0;0;0;0;0;0;0;0;0;0;0;0;0;0;0;0;0;0;0;0;0;0;0;0;0;0;0;0;0
superpower_Spatial_Awareness;1;0;0;0;0;0;0;0;0;0;0;0;0;0;0;0;0;0;0;0;0;0;0;0;0;0;0;0;0;0;0;0;0;0;0;0;0;0;0;0;0;0;0;0;0;0;0;0;0;0;0;0;0;0;0;0;0;0;0;0;0;0;0;0;0;0;0;0;0;0;0;0;0;0;0;0;0;0;0;0;0;0;0;0;0;0;0;0;0;0;0;0;1;2;0;0;0;0;0;0;0;0;0;0;0;0;0;0;0;0;0;0;0;0;0;0;0;0;0;0;0;0;0;0;0;0;0;0;0;0;0;0;0;0;0;0;0;0;0;0;0;0;0;0;0;0;0;0;0;0;0;0;0;0;0;0;0;0
superpower_Clairvoyance;0;0;1;4;1;1;2;4;0;0;0;0;2;0;0;0;0;2;0;0;0;3;0;2;0;0;3;1;0;0;0;0;0;0;0;0;0;0;2;1;0;0;0;0;0;0;2;0;4;3;0;0;0;0;0;0;0;0;0;2;0;0;0;0;0;0;0;0;0;0;0;0;0;0;1;0;0;0;0;1;0;0;0;0;0;0;0;0;0;0;0;0;0;0;8;1;0;0;1;0;0;0;0;0;0;0;0;0;0;0;0;0;0;0;0;0;0;0;0;0;0;0;0;0;0;0;0;0;0;0;0;0;0;0;0;0;0;0;0;0;0;0;0;0;0;0;0;0;0;0;0;0;0;0;0;0;0;0
superpower_Magic_Resistance;0;0;3;3;1;1;4;4;0;0;0;0;4;0;0;1;0;1;1;0;0;3;0;2;0;0;3;1;0;0;0;1;0;1;0;0;0;0;1;2;2;0;0;0;0;1;1;2;2;1;0;0;0;0;0;0;0;0;0;1;0;0;0;1;0;0;1;0;0;0;0;0;0;0;1;0;0;1;0;1;1;0;1;0;0;1;0;0;0;0;0;0;0;0;1;10;1;0;0;0;0;0;0;0;1;0;0;0;0;0;0;0;1;0;0;0;0;0;2;0;0;0;0;0;1;0;0;0;0;0;0;0;0;0;0;0;0;0;0;0;0;0;0;0;0;0;0;0;0;0;0;0;0;0;0;0;0;0
superpower_Super_Breath;1;2;9;8;5;1;11;13;2;1;0;1;9;0;0;7;0;3;1;0;0;11;2;4;1;1;12;1;1;0;1;10;1;2;1;0;1;1;3;10;6;0;1;1;0;0;0;1;11;0;1;0;0;0;0;1;0;0;0;0;0;0;0;0;0;0;9;0;0;2;0;0;0;0;2;1;0;2;0;1;2;0;0;0;0;10;0;0;1;0;0;1;0;0;0;1;26;1;0;0;0;0;0;0;1;0;0;0;0;0;0;0;8;0;0;0;1;1;0;0;1;0;0;1;10;0;0;1;0;1;0;0;0;0;0;1;0;0;0;0;0;0;0;0;0;0;0;0;0;0;1;0;0;0;0;0;0;0
superpower_Terrakinesis;0;0;0;0;0;0;1;1;2;0;0;0;0;0;0;0;0;0;0;0;0;1;0;0;0;0;1;0;0;0;0;0;0;0;0;0;0;1;0;0;0;0;0;0;0;0;0;0;0;0;0;0;0;0;0;1;0;0;0;1;0;0;0;0;0;0;0;0;0;1;0;0;0;0;1;0;1;0;0;0;0;0;0;0;0;0;0;0;0;0;0;0;0;0;0;0;1;4;0;0;0;0;0;0;1;0;0;0;0;0;0;0;0;0;0;0;0;0;0;0;0;0;0;0;0;0;0;1;0;0;0;0;0;0;0;0;0;1;0;0;0;0;0;0;0;0;0;0;0;0;0;0;0;0;0;0;0;0
superpower_Cross-Dimensional_Travel;0;0;2;2;3;2;3;6;3;1;0;0;3;3;2;0;0;2;0;0;1;4;2;1;1;0;7;6;1;0;1;0;0;0;0;0;2;1;1;0;0;0;0;0;0;0;0;1;2;2;0;0;0;0;0;3;1;2;1;5;0;0;0;0;0;0;0;0;0;3;0;0;3;0;1;1;0;0;0;1;0;0;0;0;0;0;2;0;0;0;0;0;0;0;1;0;0;0;20;0;1;0;0;0;0;0;0;0;0;0;0;0;0;1;0;0;0;0;0;0;1;0;0;0;0;0;0;0;0;0;0;0;0;0;0;0;0;0;0;0;0;0;1;0;0;0;0;1;0;0;0;0;0;0;0;0;0;0
superpower_Power_Sense;0;0;0;1;0;0;0;0;2;0;0;0;0;0;0;0;0;0;0;0;0;0;0;0;0;0;0;0;1;0;0;0;0;0;0;0;0;0;0;0;0;0;0;0;0;1;0;0;0;0;0;0;0;0;0;0;0;1;0;0;0;0;0;0;0;0;0;0;0;0;0;0;0;0;0;0;0;0;0;0;0;0;0;0;1;0;1;1;1;0;1;0;0;0;0;0;0;0;0;6;0;0;0;0;0;0;0;0;0;0;0;1;0;0;0;0;0;0;0;0;0;0;0;0;0;0;0;0;0;0;0;0;0;0;0;0;0;0;0;0;0;0;0;0;0;0;0;0;0;0;0;0;0;0;0;0;0;0
superpower_Darkforce_Manipulation;0;0;1;0;0;0;1;2;2;0;0;0;1;1;0;1;0;1;0;0;1;1;1;1;0;1;2;2;1;0;0;0;0;0;0;0;2;0;0;0;1;0;0;0;0;0;0;0;1;1;0;0;0;0;0;1;0;2;1;1;0;0;0;0;0;0;0;0;0;1;0;0;1;0;0;1;0;0;0;0;0;0;0;0;0;0;0;0;0;0;0;0;0;0;0;0;0;0;1;0;8;1;0;0;0;0;0;0;0;0;0;0;0;0;0;0;0;0;0;0;0;0;0;0;0;0;0;0;0;0;0;0;0;0;0;0;0;0;0;0;0;0;0;0;0;0;0;0;0;0;0;0;0;0;0;0;0;0
superpower_Gravitokinesis;0;1;5;0;1;0;2;5;1;0;0;0;1;1;0;2;2;4;0;0;2;6;3;0;0;2;4;1;0;0;0;0;0;0;0;0;1;1;1;0;1;0;0;0;0;0;0;0;3;1;0;0;0;0;0;0;0;1;1;0;0;0;0;0;0;0;0;0;0;0;0;0;1;0;0;2;0;0;1;0;0;0;0;0;0;0;0;0;0;0;0;0;0;0;0;0;0;0;0;0;1;16;0;1;0;0;0;0;0;0;0;0;0;0;0;0;0;0;0;0;0;0;0;0;0;0;1;0;0;0;0;0;1;0;0;0;0;0;0;0;1;0;1;0;0;0;0;0;0;0;0;0;0;0;0;0;0;0
superpower_Aerokinesis;0;0;0;0;0;1;0;1;0;0;0;0;0;0;0;0;0;0;0;0;0;2;2;0;1;0;1;0;0;0;0;0;0;0;0;0;0;1;1;0;0;0;0;0;0;0;0;0;0;0;0;0;0;0;0;0;0;0;0;0;0;0;0;0;0;0;0;0;0;0;0;0;0;0;0;0;0;0;0;0;0;0;0;0;0;0;0;0;0;0;0;0;0;0;0;0;0;0;0;0;0;0;6;1;2;0;0;0;0;0;0;0;0;0;0;0;0;0;0;0;0;0;0;0;0;0;0;1;0;0;0;1;0;0;0;0;0;0;0;0;0;0;0;0;0;0;0;0;0;0;0;0;0;0;0;0;0;0
superpower_Geokinesis;0;1;3;1;1;2;2;3;0;0;0;0;2;0;0;0;1;0;0;0;0;3;1;0;0;0;3;0;0;0;1;0;0;0;0;0;0;2;1;0;1;0;0;0;0;0;0;1;1;0;0;0;0;0;0;0;0;0;0;1;0;0;0;0;0;0;0;0;0;0;0;0;0;0;1;0;0;0;0;0;0;0;0;0;0;0;0;0;0;0;0;0;0;0;0;0;0;0;0;0;0;1;1;8;1;0;0;0;0;0;0;0;0;0;0;0;0;0;0;0;0;0;0;0;0;0;1;0;0;0;1;0;0;0;0;0;0;1;0;0;0;0;0;0;0;0;0;0;0;0;0;0;0;0;0;0;0;0
superpower_Pyrokinesis;2;4;5;1;2;4;5;7;5;1;1;1;3;3;0;3;1;7;0;0;6;7;5;0;1;1;5;5;1;0;0;1;0;0;0;1;1;3;2;1;1;0;1;1;0;4;0;3;2;0;2;0;0;0;0;2;0;2;0;3;0;0;0;0;1;0;1;0;0;2;0;0;0;0;3;3;2;0;0;1;2;0;6;0;0;1;3;2;2;0;3;1;0;0;0;1;1;1;0;0;0;0;2;1;36;0;0;0;0;0;2;0;1;0;0;0;2;0;4;1;2;0;0;1;2;0;1;4;0;2;0;2;0;0;0;0;0;2;0;0;0;0;0;0;0;0;0;0;0;0;0;0;0;0;0;0;0;0
superpower_Energy_Resistance;1;1;0;1;0;0;0;0;0;0;0;0;0;0;0;1;1;2;0;0;1;1;0;0;0;0;0;0;0;0;0;0;0;0;0;0;0;0;0;0;1;0;0;0;0;0;0;0;0;0;0;0;0;0;0;0;0;0;0;0;0;0;0;0;0;0;0;0;0;0;0;0;0;0;0;0;0;0;0;0;0;0;0;0;0;0;0;0;0;0;0;0;0;0;0;0;0;0;0;0;0;0;0;0;0;4;0;0;0;0;0;0;0;0;0;0;0;0;0;1;0;0;0;0;0;0;0;0;0;0;0;0;0;0;0;0;0;0;0;0;0;0;0;0;0;0;0;0;0;0;0;0;0;0;0;0;0;0
superpower_Photokinesis;0;0;1;0;0;0;0;3;1;0;0;0;0;0;0;0;1;3;0;0;0;3;1;0;0;0;2;0;0;0;0;0;0;0;0;0;0;0;0;0;1;0;0;0;0;0;0;0;1;0;0;0;0;0;0;1;0;0;1;0;0;0;0;0;0;0;0;1;0;0;0;0;0;0;0;0;0;0;0;0;0;0;0;0;0;0;0;0;0;0;0;0;0;0;0;0;0;0;0;0;0;0;0;0;0;0;10;0;0;0;0;0;0;0;0;0;0;0;0;0;0;0;0;0;0;1;1;0;0;0;0;1;0;0;0;0;0;0;0;0;0;0;0;0;0;0;0;0;0;0;0;0;0;0;0;0;0;0
superpower_Echokinesis;1;1;0;1;0;1;1;0;1;0;1;0;0;0;0;0;0;0;0;0;0;0;0;0;0;0;0;0;0;0;0;0;0;0;0;0;0;0;0;1;1;0;0;0;0;0;0;0;0;0;0;0;0;0;0;0;0;0;0;0;0;0;0;0;0;0;0;0;0;0;0;0;0;0;0;0;0;0;0;0;1;0;0;0;0;0;0;0;0;0;0;0;0;0;0;0;0;0;0;0;0;0;0;0;0;0;0;2;1;1;0;0;0;0;0;0;0;0;0;0;0;0;0;0;0;0;0;0;0;0;0;0;0;0;0;0;0;0;0;0;0;0;0;0;0;0;0;0;0;0;0;0;0;0;0;0;0;0
superpower_Enhanced_Touch;1;1;0;1;0;1;1;0;1;0;1;0;0;0;0;0;0;0;0;0;0;0;0;0;0;0;0;0;0;0;0;1;0;0;0;0;0;0;0;2;2;0;0;0;0;0;0;0;0;0;0;0;0;0;0;0;0;0;0;0;0;0;0;0;0;0;0;0;0;0;0;0;0;0;0;0;0;0;0;0;2;0;0;0;0;0;0;0;0;0;0;0;0;0;0;0;0;0;0;0;0;0;0;0;0;0;0;1;4;1;0;0;1;0;0;0;0;0;0;0;0;0;0;0;0;0;0;0;0;0;0;0;0;0;0;0;0;0;0;0;0;0;0;0;0;0;0;0;0;0;0;0;0;0;0;0;0;0
superpower_Radar_Sense;2;2;0;1;1;1;2;1;2;0;2;0;1;1;0;0;0;1;0;1;1;1;1;0;0;0;1;1;0;0;0;0;0;0;0;0;0;0;0;1;1;0;0;0;0;0;0;0;1;0;1;0;0;0;0;0;0;0;0;0;0;0;0;0;0;0;0;0;0;1;0;0;0;0;0;0;0;0;0;0;2;0;0;0;0;0;0;0;0;0;0;0;0;0;0;0;0;0;0;0;0;0;0;0;0;0;0;1;1;4;1;0;0;0;0;0;0;0;0;0;0;0;0;0;0;0;0;0;0;0;0;0;0;0;0;0;0;0;0;0;0;0;0;0;0;0;0;0;0;0;0;0;0;0;0;0;0;0
superpower_Levitation;1;3;1;1;3;1;3;5;4;0;2;1;2;5;0;3;1;6;0;1;3;5;6;0;2;1;3;3;1;0;0;0;0;0;0;1;2;0;0;0;0;0;0;0;0;4;0;1;2;1;1;0;0;0;0;5;0;2;1;1;0;1;1;0;0;0;0;0;1;2;0;0;0;0;4;1;0;0;2;0;1;0;0;0;0;0;2;2;3;0;2;0;0;0;0;0;0;0;0;0;0;0;0;0;2;0;0;0;0;1;22;1;0;0;0;0;0;0;0;0;0;0;0;0;0;0;0;1;0;0;0;2;0;0;0;0;0;0;0;0;0;0;0;0;1;0;0;0;0;0;0;1;0;0;0;0;0;0
superpower_Possession;0;1;2;1;1;0;3;2;4;0;0;1;1;2;0;0;0;0;0;0;0;2;0;0;1;1;0;1;0;0;0;0;0;0;0;0;0;0;0;0;0;0;0;0;0;3;0;0;0;0;0;0;1;0;0;0;0;2;1;1;0;0;0;0;0;0;0;1;1;1;0;0;0;0;0;0;0;0;0;0;0;0;0;0;0;0;3;1;2;1;1;0;0;0;0;0;0;0;0;1;0;0;0;0;0;0;0;0;0;0;1;12;0;0;0;0;1;1;0;0;0;0;0;0;0;0;0;0;0;0;0;0;0;0;0;0;0;0;0;0;0;0;0;0;0;0;0;0;0;0;0;0;0;0;0;0;0;0
superpower_Vision_-_Microscopic;1;2;9;8;5;2;10;12;2;1;0;1;6;1;1;7;0;2;1;0;1;11;1;4;2;3;11;1;1;0;1;13;0;1;0;0;2;1;4;10;8;0;2;0;0;0;0;1;10;2;1;0;0;0;0;2;0;1;1;0;0;0;0;0;0;0;6;0;0;2;0;0;0;0;0;1;0;3;0;3;3;0;0;0;1;10;0;0;0;0;0;3;0;0;0;1;8;0;0;0;0;0;0;0;1;0;0;0;1;0;0;0;26;0;0;0;1;0;1;0;2;0;0;1;10;0;0;1;0;1;0;0;0;0;0;0;0;0;0;0;0;0;0;0;0;0;1;0;0;0;0;0;0;0;0;0;0;0
superpower_Banish;0;0;0;0;1;0;0;0;1;0;0;0;0;0;0;0;0;0;0;0;0;1;1;1;1;0;0;1;0;0;0;0;0;0;0;0;0;0;0;0;0;0;0;0;0;0;0;0;0;0;0;0;0;0;0;0;0;1;1;1;0;0;0;0;0;0;0;0;0;0;0;0;1;0;1;0;0;0;0;0;0;0;0;0;0;0;1;0;0;0;0;0;0;0;0;0;0;0;1;0;0;0;0;0;0;0;0;0;0;0;0;0;0;2;0;0;0;0;0;0;0;0;0;0;0;0;0;0;0;0;0;0;0;0;0;0;0;0;0;0;0;0;0;0;0;0;0;0;0;0;0;0;0;0;0;0;0;0
superpower_Timeframe_Control;0;0;1;0;0;0;0;1;0;0;0;0;0;1;0;0;0;1;0;0;1;0;1;0;0;0;1;1;0;0;0;0;0;0;0;0;1;0;0;0;0;0;0;0;0;0;0;0;1;1;1;0;0;0;0;1;0;0;0;0;1;0;0;0;0;0;0;0;0;0;0;0;0;0;1;0;0;0;0;0;0;0;0;0;0;0;0;0;0;0;0;0;0;0;0;0;0;0;0;0;0;0;0;0;0;0;0;0;0;0;0;0;0;0;2;0;0;0;0;0;0;0;0;0;0;0;0;0;0;0;0;0;0;0;0;0;0;0;0;0;0;0;0;0;0;0;0;0;0;0;0;0;0;0;0;0;0;0
superpower_Elasticity;0;1;2;1;0;0;0;2;0;0;0;0;1;3;0;1;0;0;0;0;0;1;0;0;0;0;0;0;0;0;0;0;0;0;0;0;5;0;0;0;0;0;0;0;0;0;1;0;3;0;0;0;2;0;0;0;0;0;0;0;0;0;0;0;0;0;0;0;0;5;0;0;0;0;0;0;0;0;1;0;0;1;1;0;1;0;0;0;0;1;2;0;0;0;0;0;0;0;0;0;0;0;0;0;0;0;0;0;0;0;0;0;0;0;0;12;0;0;0;0;0;0;0;0;0;0;0;0;0;0;0;0;0;0;0;0;0;0;0;0;0;0;0;0;0;0;0;0;0;0;0;0;0;0;0;0;0;0
superpower_Camouflage;3;8;8;1;3;7;8;8;2;1;1;1;6;0;0;0;0;1;0;3;1;1;2;0;1;1;8;3;1;0;0;2;0;2;0;1;1;1;1;1;2;0;3;6;0;1;0;4;1;0;2;0;1;0;0;0;0;1;0;1;0;0;0;0;1;0;3;3;1;5;0;0;0;0;0;1;0;0;0;1;2;0;0;3;0;1;1;0;1;1;1;1;0;0;0;0;1;0;0;0;0;0;0;0;2;0;0;0;0;0;0;1;1;0;0;0;20;0;0;1;2;0;0;1;1;0;0;1;0;1;0;0;0;0;0;0;0;1;0;0;0;1;0;0;0;0;0;0;0;0;0;0;0;0;0;0;0;0
superpower_Substance_Secretion;0;2;4;0;1;1;3;5;1;1;0;0;2;1;0;0;0;0;0;1;0;1;0;1;0;0;1;0;0;0;2;0;2;2;4;1;0;0;0;0;1;0;1;2;0;0;0;1;1;0;0;0;0;0;0;0;0;0;0;0;0;0;0;0;1;0;2;2;0;1;0;0;0;0;0;0;0;0;0;0;0;0;0;0;0;0;0;0;1;0;0;0;0;0;0;0;1;0;0;0;0;0;0;0;0;0;0;0;0;0;0;1;0;0;0;0;0;14;0;0;0;0;0;0;0;0;0;0;0;0;1;0;0;0;0;0;0;0;0;0;0;1;0;0;0;0;0;0;0;0;1;0;0;0;0;1;0;0
superpower_Fire_Resistance;0;0;4;1;0;0;2;5;1;0;0;0;3;1;1;0;0;1;0;0;1;4;0;0;1;1;3;0;0;0;0;1;0;1;0;0;1;0;1;1;2;0;0;0;0;1;0;2;1;1;0;0;0;0;0;0;0;1;1;0;0;0;0;0;0;0;1;0;0;1;0;0;0;0;0;0;0;0;0;0;0;0;4;0;0;1;0;0;0;0;0;1;0;0;0;2;0;0;0;0;0;0;0;0;4;0;0;0;0;0;0;0;1;0;0;0;0;0;14;0;0;0;0;0;1;0;1;0;0;0;0;0;0;0;0;0;0;0;0;0;0;0;0;0;0;0;0;0;0;0;0;0;0;0;0;0;0;0
superpower_Heat_Generation;1;1;0;0;1;0;1;1;0;0;1;0;1;0;0;0;0;1;0;0;2;1;0;0;0;0;1;1;0;0;0;0;0;0;0;1;0;0;0;0;1;0;0;1;0;0;0;0;0;0;1;0;0;0;0;0;0;0;0;1;0;0;0;0;1;0;0;0;0;1;0;0;0;0;0;0;0;0;0;0;1;0;0;0;0;0;0;0;0;0;0;0;0;0;0;0;0;0;0;0;0;0;0;0;1;1;0;0;0;0;0;0;0;0;0;0;1;0;0;4;1;0;0;0;0;0;0;0;0;0;0;0;0;0;0;0;0;1;0;0;0;0;0;0;0;0;0;0;0;0;0;0;0;0;0;0;0;0
superpower_Energy_Constructs;2;3;2;1;2;2;3;3;1;1;1;1;2;1;0;2;1;2;0;0;3;2;1;0;1;1;4;2;1;0;0;2;0;0;0;1;1;1;1;2;1;0;2;1;0;1;0;1;2;0;2;0;0;0;0;1;0;0;0;1;0;0;0;0;1;0;1;0;0;2;0;0;0;0;0;2;0;0;0;2;2;0;0;0;1;2;0;0;0;0;0;1;0;0;0;0;1;0;1;0;0;0;0;0;2;0;0;0;0;0;0;0;2;0;0;0;2;0;0;1;10;0;0;1;2;0;0;1;0;1;0;0;0;0;0;0;0;1;0;0;0;0;0;0;0;0;1;0;0;0;0;0;0;0;0;0;0;0
superpower_Projection;0;0;0;0;0;0;0;0;0;0;0;0;0;0;0;0;0;0;0;0;0;0;0;0;0;0;0;0;0;0;0;0;0;0;0;0;0;0;0;0;0;0;0;0;0;1;0;0;0;0;0;0;0;0;0;0;0;0;0;0;0;0;0;0;0;0;0;0;0;0;0;0;0;0;0;0;0;0;0;0;0;0;0;0;0;0;0;0;0;0;0;0;0;0;0;0;0;0;0;0;0;0;0;0;0;0;0;0;0;0;0;0;0;0;0;0;0;0;0;0;0;2;0;0;0;0;0;0;0;0;0;0;0;0;0;0;0;0;0;0;0;0;0;0;0;0;0;0;0;0;0;0;0;0;0;0;0;0
superpower_Grim_Reaping;0;0;1;0;1;0;1;1;0;0;0;0;1;0;0;0;0;0;0;0;0;0;0;0;0;0;0;0;0;0;0;0;0;0;0;0;0;0;0;0;1;0;0;0;0;0;0;0;0;0;0;0;0;0;0;0;0;0;0;1;0;0;0;0;0;0;0;0;0;0;0;0;0;0;0;0;0;0;0;0;0;0;0;0;0;0;0;0;0;0;0;0;0;0;0;0;0;0;0;0;0;0;0;0;0;0;0;0;0;0;0;0;0;0;0;0;0;0;0;0;0;0;2;0;0;0;0;0;0;0;0;0;0;0;0;0;0;0;0;0;0;0;0;0;0;0;0;0;0;0;0;0;0;0;0;0;0;0
superpower_Power_Absorption;1;3;1;1;1;1;2;3;3;1;0;1;1;0;0;3;0;3;0;0;0;3;1;1;1;1;3;1;1;0;0;1;0;0;0;0;1;1;1;1;1;0;1;1;0;1;0;1;1;0;1;0;1;0;0;1;0;0;0;0;1;0;0;0;0;0;1;0;1;2;0;0;0;0;1;1;0;0;0;1;1;0;0;0;0;1;0;0;0;0;0;1;0;0;0;0;1;0;0;0;0;0;0;0;1;0;0;0;0;0;0;0;1;0;0;0;1;0;0;0;1;0;0;14;2;0;0;1;0;1;0;0;0;0;0;0;0;0;0;0;0;0;0;0;0;0;0;0;0;0;0;0;1;0;0;0;0;0
superpower_Vision_-_Heat;1;3;9;7;5;2;10;14;3;1;0;1;8;1;0;9;1;5;1;0;1;13;2;4;2;2;13;2;1;0;1;12;0;1;0;0;2;1;4;11;8;0;2;0;0;0;0;1;13;1;1;0;0;0;0;1;0;1;2;0;0;0;0;0;0;0;8;0;1;3;0;0;0;0;3;1;1;2;0;1;2;0;1;0;1;13;0;0;0;0;1;2;0;0;0;1;10;0;0;0;0;0;0;0;2;0;0;0;0;0;0;0;10;0;0;0;1;0;1;0;2;0;0;2;30;0;0;1;0;1;0;0;0;0;0;0;0;0;0;0;0;0;0;0;0;0;1;0;0;0;0;0;0;0;0;0;0;0
superpower_Radiation_Absorption;0;0;2;0;1;0;2;3;0;0;0;0;2;0;0;0;0;1;0;0;0;1;0;0;0;0;2;0;0;0;1;0;0;0;0;0;0;0;0;0;0;0;0;0;0;0;0;0;0;1;0;0;0;0;0;0;0;0;0;0;0;0;0;0;0;0;2;0;0;0;0;0;0;0;0;0;0;0;0;0;0;0;0;0;0;0;0;0;0;1;0;0;0;0;0;0;0;0;0;0;0;0;0;0;0;0;1;0;0;0;0;0;0;0;0;0;0;0;0;0;0;0;0;0;0;6;1;0;0;0;0;0;0;0;0;0;0;0;0;0;1;0;0;0;0;0;0;0;0;0;0;0;0;0;0;0;0;0
superpower_Thermokinesis;0;0;3;0;0;0;0;3;0;0;0;0;0;0;0;0;1;1;0;0;0;3;1;0;0;0;1;0;0;0;0;0;0;0;0;0;0;2;0;0;0;0;0;0;0;0;0;0;0;0;0;0;0;0;0;0;0;0;0;0;0;0;0;0;0;0;0;0;0;0;0;0;0;0;0;0;0;0;0;0;0;1;2;0;0;0;0;0;0;0;0;1;0;0;0;0;0;0;0;0;0;1;0;1;1;0;1;0;0;0;0;0;0;0;0;0;0;0;1;0;0;0;0;0;0;1;10;1;1;0;0;0;0;0;0;0;0;0;0;0;0;0;0;0;0;0;0;0;0;0;0;0;0;0;0;0;0;0
superpower_Cryokinesis;1;2;5;2;2;3;2;5;3;1;1;1;0;1;0;0;1;4;0;0;0;3;2;0;1;1;2;2;1;1;0;1;0;0;0;0;1;3;1;2;1;0;1;0;0;0;0;4;2;1;1;0;0;0;0;1;0;0;0;1;1;0;0;0;0;0;1;0;0;1;0;0;0;0;2;1;1;0;1;2;1;3;0;0;0;1;0;0;1;0;0;2;0;0;0;0;1;1;0;0;0;0;1;0;4;0;0;0;0;0;1;0;1;0;0;0;1;0;0;0;1;0;0;1;1;0;1;24;1;2;0;0;0;0;0;0;0;1;0;0;1;0;0;0;0;0;0;0;0;0;0;0;0;0;0;0;1;1
superpower_Elemental_Transmogrification;0;0;1;0;0;0;1;2;0;0;0;0;1;0;0;0;0;0;0;0;0;0;0;0;0;0;0;0;0;0;0;0;0;0;0;0;0;1;0;0;0;0;0;0;0;0;0;0;0;0;0;0;0;0;0;0;0;0;0;0;0;0;0;0;0;0;1;1;1;1;0;0;0;0;0;0;0;0;0;0;0;1;0;0;0;0;0;0;0;0;0;1;0;0;0;0;0;0;0;0;0;0;0;0;0;0;0;0;0;0;0;0;0;0;0;0;0;0;0;0;0;0;0;0;0;0;1;1;6;0;0;0;0;0;0;0;0;0;0;0;0;0;0;0;0;0;0;0;0;0;0;0;0;0;0;0;0;0
superpower_Magnetokinesis;3;2;4;1;1;3;2;5;2;3;0;1;1;0;0;2;2;4;2;0;0;4;4;0;3;2;4;2;1;0;0;3;0;0;0;0;2;1;1;1;1;0;3;0;0;1;0;4;2;0;1;2;0;0;0;0;0;1;0;0;0;0;0;0;0;0;1;0;0;1;0;0;0;1;1;1;0;0;0;1;1;0;0;0;0;1;1;1;1;0;1;3;0;0;0;0;1;0;0;0;0;0;0;0;2;0;0;0;0;0;0;0;1;0;0;0;1;0;0;0;1;0;0;1;1;0;0;2;0;12;0;0;0;0;0;0;0;0;0;0;0;0;0;0;0;0;0;0;0;0;0;0;0;0;0;0;0;0
superpower_Chlorokinesis;0;0;1;1;0;0;1;3;0;0;0;0;1;1;0;0;0;0;0;0;0;1;0;1;0;0;1;0;0;0;1;0;0;0;1;0;0;0;0;0;0;0;0;0;0;0;0;0;0;0;0;0;0;0;0;0;0;0;0;0;0;0;0;0;0;0;0;0;0;0;0;0;0;0;1;0;0;0;0;0;0;0;0;0;0;0;0;0;0;0;0;0;0;0;0;0;0;0;0;0;0;0;0;1;0;0;0;0;0;0;0;0;0;0;0;0;0;1;0;0;0;0;0;0;0;0;0;0;0;0;6;1;0;0;0;0;0;0;0;0;0;0;0;0;0;0;0;0;0;0;0;0;0;0;0;1;0;0
superpower_Resurrection;0;0;2;0;0;1;1;4;4;0;0;0;2;4;2;3;0;1;0;0;2;4;4;0;1;0;3;2;0;0;0;0;0;0;0;1;0;0;1;0;1;0;0;0;0;3;0;0;1;1;0;0;0;0;0;2;0;3;0;1;0;0;0;0;0;0;0;1;1;1;0;0;0;0;3;0;0;0;0;0;0;0;0;1;0;0;3;3;2;0;2;0;0;0;0;0;0;0;0;0;0;0;1;0;2;0;1;0;0;0;2;0;0;0;0;0;0;0;0;0;0;0;0;0;0;0;0;0;0;0;1;16;0;0;0;0;0;0;0;0;0;0;0;0;0;0;0;0;1;0;0;0;0;0;0;0;0;0
superpower_Portal_Creation;0;0;2;0;1;0;2;2;0;0;0;0;0;1;0;0;1;1;0;0;0;2;1;0;0;1;1;1;0;0;1;0;0;0;0;0;0;0;1;0;0;0;0;0;0;1;0;0;1;0;0;0;0;0;0;0;0;0;1;2;0;0;0;0;0;0;0;0;0;1;0;0;1;0;0;1;0;0;0;0;0;0;0;0;0;0;0;0;0;0;0;0;0;0;0;0;0;0;0;0;0;1;0;0;0;0;0;0;0;0;0;0;0;0;0;0;0;0;0;0;0;0;0;0;0;0;0;0;0;0;0;0;6;0;0;0;0;0;0;0;0;0;1;0;0;0;0;0;0;0;0;0;0;0;0;0;0;0
superpower_Thirstokinesis;0;0;0;0;0;0;0;0;0;0;0;0;0;0;0;0;0;0;0;0;0;0;0;0;0;0;0;0;0;0;0;0;0;0;0;0;0;0;0;0;0;0;0;0;0;0;0;0;0;0;0;0;0;0;0;0;0;0;0;0;0;0;0;0;0;0;0;0;0;0;0;0;0;0;0;0;0;0;0;0;0;0;0;0;0;0;0;0;0;0;0;0;0;0;0;0;0;0;0;0;0;0;0;0;0;0;0;0;0;0;0;0;0;0;0;0;0;0;0;0;0;0;0;0;0;0;0;0;0;0;0;0;0;2;0;0;0;0;0;0;0;0;0;0;0;0;0;0;0;0;0;0;0;0;0;0;0;0
superpower_Power_Nullifier;0;0;0;0;0;0;0;0;0;0;0;0;0;0;0;0;0;0;0;0;0;0;0;0;0;0;0;0;0;0;0;0;0;0;0;0;0;0;0;0;0;0;0;0;0;0;0;0;0;0;0;0;0;0;0;0;0;0;0;0;0;0;0;0;0;0;0;0;0;0;0;0;0;0;0;0;0;0;0;0;0;0;0;0;0;0;0;0;0;0;0;0;0;0;0;0;0;0;0;0;0;0;0;0;0;0;0;0;0;0;0;0;0;0;0;0;0;0;0;0;0;0;0;0;0;0;0;0;0;0;0;0;0;0;2;0;0;0;0;0;0;0;0;0;0;0;0;0;0;0;0;0;0;0;0;0;0;0
superpower_Animation;0;0;1;1;0;1;1;2;0;0;0;0;1;0;0;0;0;0;0;0;0;0;0;0;0;0;2;0;0;0;0;0;0;0;0;0;0;0;1;0;0;0;0;0;0;0;0;0;1;0;0;0;0;0;0;0;0;0;0;0;0;0;0;0;0;0;0;0;0;0;0;0;0;0;1;0;0;0;0;0;0;0;0;0;0;0;0;0;0;0;0;0;0;0;0;0;1;0;0;0;0;0;0;0;0;0;0;0;0;0;0;0;0;0;0;0;0;0;0;0;0;0;0;0;0;0;0;0;0;0;0;0;0;0;0;4;0;0;0;0;0;0;0;0;0;0;0;0;0;0;0;0;0;0;0;0;0;0
superpower_Photographic_Reflexes;0;0;0;0;0;0;0;0;0;0;0;0;0;0;0;0;0;0;0;0;0;0;0;0;0;0;0;0;0;0;0;0;0;0;0;0;0;0;0;0;0;0;0;0;0;0;0;0;0;0;0;0;0;0;0;0;0;0;0;0;0;0;0;0;0;0;0;0;0;0;0;0;0;0;0;0;0;0;0;0;0;0;0;0;0;0;0;0;0;0;0;0;0;0;0;0;0;0;0;0;0;0;0;0;0;0;0;0;0;0;0;0;0;0;0;0;0;0;0;0;0;0;0;0;0;0;0;0;0;0;0;0;0;0;0;0;2;0;0;0;0;0;0;0;0;0;0;0;0;0;0;0;0;0;0;0;0;0
superpower_Atmokinesis;1;2;1;0;2;1;2;2;1;0;1;0;2;0;0;0;0;0;0;0;1;2;0;0;0;0;2;1;0;0;1;0;0;0;0;1;0;1;0;0;1;0;0;1;0;0;0;1;1;0;1;0;0;0;0;0;0;0;0;3;0;0;0;0;1;0;0;0;0;1;0;0;0;0;0;0;1;0;0;0;1;0;0;0;0;0;0;0;0;0;1;0;0;0;0;0;0;1;0;0;0;0;0;1;2;0;0;0;0;0;0;0;0;0;0;0;1;0;0;1;1;0;0;0;0;0;0;1;0;0;0;0;0;0;0;0;0;8;0;0;0;0;0;0;0;0;0;0;0;0;0;0;0;0;0;0;0;0
superpower_Nova_Force;0;1;1;0;0;1;1;1;0;0;0;0;1;0;0;1;1;1;0;0;1;0;0;0;0;0;1;0;0;0;0;0;0;0;0;0;0;0;0;0;0;0;0;0;0;0;0;0;0;0;0;0;0;0;0;0;0;0;0;0;0;0;0;0;0;0;0;0;0;0;0;0;0;0;0;0;0;0;0;0;0;0;0;0;0;0;0;0;0;0;0;0;0;0;0;0;0;0;0;0;0;0;0;0;0;0;0;0;0;0;0;0;0;0;0;0;0;0;0;0;0;0;0;0;0;0;0;0;0;0;0;0;0;0;0;0;0;0;2;0;0;0;0;0;0;0;0;0;0;0;0;0;0;0;0;0;0;0
superpower_Chronokinesis;0;0;1;0;0;0;0;1;0;0;0;0;0;0;0;0;0;0;0;0;0;0;0;0;0;0;2;0;0;0;0;0;0;0;0;0;0;0;0;0;0;0;0;0;0;0;0;0;0;0;0;0;0;0;0;1;0;0;1;0;0;0;0;0;0;0;0;0;0;0;0;0;0;0;0;1;0;0;0;0;0;0;0;0;0;0;0;0;0;0;0;0;0;0;0;0;0;0;0;0;0;0;0;0;0;0;0;0;0;0;0;0;0;0;0;0;0;0;0;0;0;0;0;0;0;0;0;0;0;0;0;0;0;0;0;0;0;0;0;4;0;0;0;0;0;0;0;0;0;0;0;0;0;0;0;0;0;0
superpower_Radiation_Control;0;0;2;0;0;0;1;3;0;0;0;0;1;0;1;1;2;1;0;0;0;1;0;0;0;0;2;0;0;0;0;0;0;0;0;0;1;0;0;1;0;0;0;0;0;0;0;0;0;0;0;0;0;0;0;0;0;0;0;0;1;0;0;0;0;0;1;0;0;1;0;0;0;0;1;0;0;0;0;1;0;0;0;0;1;0;0;0;0;0;0;0;0;0;0;0;0;0;0;0;0;1;0;0;0;0;0;0;0;0;0;0;0;0;0;0;0;0;0;0;0;0;0;0;0;1;0;1;0;0;0;0;0;0;0;0;0;0;0;0;10;0;0;0;0;0;0;0;0;0;0;0;0;0;0;0;1;1
superpower_Web_Creation;0;3;4;0;0;4;4;4;0;0;0;0;4;0;0;0;0;0;0;3;0;0;0;0;0;0;4;0;0;0;0;0;2;2;0;0;0;0;0;0;1;0;1;4;0;0;0;2;0;0;0;0;0;0;0;0;0;0;0;0;0;0;0;0;0;0;3;3;0;2;0;0;0;0;0;0;0;0;0;0;0;0;0;2;0;0;0;0;0;0;0;0;0;0;0;0;0;0;0;0;0;0;0;0;0;0;0;0;0;0;0;0;0;0;0;0;1;1;0;0;0;0;0;0;0;0;0;0;0;0;0;0;0;0;0;0;0;0;0;0;0;8;0;0;0;0;0;0;0;0;0;0;0;0;0;0;0;0
superpower_Power_Cosmic;0;0;2;1;1;0;2;4;0;0;0;0;0;2;0;1;1;2;0;0;1;4;1;0;0;1;4;2;0;0;1;0;0;0;0;0;1;0;1;0;0;0;0;0;0;0;0;0;3;2;0;0;0;0;0;2;0;0;1;1;0;0;0;0;0;0;0;0;0;0;0;0;2;0;0;1;0;0;0;0;0;0;0;0;0;0;0;0;0;0;0;0;0;0;0;0;0;0;1;0;0;1;0;0;0;0;0;0;0;0;0;0;0;0;0;0;0;0;0;0;0;0;0;0;0;0;0;0;0;0;0;0;1;0;0;0;0;0;0;0;0;0;8;0;0;0;0;0;0;0;0;0;0;0;0;0;0;0
superpower_Changing_Armor;0;1;0;0;0;1;0;1;0;0;0;0;0;0;0;0;0;0;0;0;0;0;0;0;0;0;0;0;0;0;0;0;0;0;0;0;0;0;0;0;0;0;0;0;0;0;0;1;0;0;0;0;0;0;0;0;0;0;0;0;0;0;0;0;0;0;0;0;0;0;0;0;0;0;0;0;0;0;0;0;0;0;0;0;0;0;0;0;0;0;0;0;0;0;0;0;0;0;0;0;0;0;0;0;0;0;0;0;0;0;0;0;0;0;0;0;0;0;0;0;0;0;0;0;0;0;0;0;0;0;0;0;0;0;0;0;0;0;0;0;0;0;0;2;0;0;0;0;0;0;0;0;0;0;0;0;0;0
superpower_Biokinesis;0;1;0;0;1;1;1;1;1;0;0;0;1;1;0;1;0;1;0;0;0;1;1;0;0;0;1;1;1;0;0;0;0;0;0;0;1;0;0;0;0;0;0;0;0;0;0;0;1;0;0;0;0;0;0;1;0;0;0;0;0;0;0;0;0;0;0;0;1;1;0;0;0;0;1;0;0;0;0;0;0;0;0;0;0;0;0;0;0;0;0;0;0;0;0;0;0;0;0;0;0;0;0;0;0;0;0;0;0;0;1;0;0;0;0;0;0;0;0;0;0;0;0;0;0;0;0;0;0;0;0;0;0;0;0;0;0;0;0;0;0;0;0;0;2;0;0;0;0;0;0;0;0;0;0;0;0;0
superpower_Seismic_Power;0;0;1;0;0;0;0;1;0;0;0;0;0;0;0;0;0;0;0;0;0;0;0;0;0;0;0;0;0;0;0;0;0;0;0;0;0;0;1;0;0;0;0;0;0;0;0;0;0;0;0;0;0;0;0;0;0;0;0;0;0;0;0;0;0;0;0;0;0;0;0;0;0;0;0;0;0;0;0;0;0;0;0;0;0;0;0;0;0;0;0;0;0;0;0;0;0;0;0;0;0;0;0;0;0;0;0;0;0;0;0;0;0;0;0;0;0;0;0;0;0;0;0;0;0;0;0;0;0;0;0;0;0;0;0;0;0;0;0;0;0;0;0;0;0;4;0;0;0;0;0;0;0;0;0;0;0;0
superpower_Qwardian_Power_Ring;0;0;1;0;0;0;1;1;0;0;0;0;0;1;0;1;0;0;0;0;1;1;0;0;0;0;1;0;0;0;0;1;0;0;0;0;0;0;0;1;0;0;1;0;0;0;0;0;1;0;0;0;0;0;0;1;0;0;0;0;0;0;0;0;0;0;0;0;0;0;0;0;0;0;0;0;0;0;0;0;0;0;0;0;1;1;0;0;0;0;0;0;0;0;0;0;0;0;0;0;0;0;0;0;0;0;0;0;0;0;0;0;1;0;0;0;0;0;0;0;1;0;0;0;1;0;0;0;0;0;0;0;0;0;0;0;0;0;0;0;0;0;0;0;0;0;4;0;0;0;0;0;0;0;0;0;0;0
superpower_Summoning;0;0;0;0;0;0;1;1;1;0;0;0;0;0;0;0;0;1;0;0;0;1;1;0;0;0;1;1;0;0;0;0;0;0;0;0;0;0;0;0;0;0;0;0;0;0;0;1;0;0;0;0;0;0;0;0;1;0;0;1;0;0;0;0;0;0;0;0;0;0;0;0;0;0;1;0;0;0;0;0;0;0;0;0;0;0;0;0;0;0;0;0;0;0;0;0;0;0;1;0;0;0;0;0;0;0;0;0;0;0;0;0;0;0;0;0;0;0;0;0;0;0;0;0;0;0;0;0;0;0;0;0;0;0;0;0;0;0;0;0;0;0;0;0;0;0;0;4;0;0;0;0;0;0;0;0;0;0
superpower_Adaptation;0;0;1;0;0;1;1;1;0;0;0;0;1;0;1;1;0;0;0;0;0;0;0;0;0;0;1;0;0;0;0;0;0;0;0;0;0;0;0;0;0;0;0;0;0;0;0;0;0;1;0;0;0;0;0;0;0;0;0;0;0;0;0;0;0;0;0;1;1;0;0;0;0;0;0;0;0;0;0;0;0;0;0;0;0;0;0;0;0;0;0;0;0;0;0;0;0;0;0;0;0;0;0;0;0;0;0;0;0;0;0;0;0;0;0;0;0;0;0;0;0;0;0;0;0;0;0;0;0;0;0;1;0;0;0;0;0;0;0;0;0;0;0;0;0;0;0;0;2;0;0;0;0;0;0;0;0;0
superpower_Electrical_Transport;0;0;0;0;0;0;0;0;0;0;0;0;0;0;0;0;0;0;0;0;0;0;0;0;0;0;1;0;0;0;0;0;0;0;0;0;0;0;0;0;0;0;0;0;0;0;0;0;0;0;0;0;0;0;0;0;0;0;0;0;0;0;0;0;0;0;0;0;0;0;0;0;0;0;0;0;0;0;1;0;0;0;0;0;0;0;0;0;0;0;0;0;0;0;0;0;0;0;0;0;0;0;0;0;0;0;0;0;0;0;0;0;0;0;0;0;0;0;0;0;0;0;0;0;0;0;0;0;0;0;0;0;0;0;0;0;0;0;0;0;0;0;0;0;0;0;0;0;0;2;0;0;0;0;0;0;0;0
superpower_Insanity;0;1;4;3;0;2;3;3;0;0;0;0;2;0;0;0;0;0;0;0;0;0;0;0;0;0;2;0;0;0;1;0;1;1;1;0;0;0;2;0;0;0;0;1;0;1;0;0;0;0;0;0;0;0;0;0;0;0;0;0;0;0;0;0;0;0;1;0;0;0;0;0;0;0;0;0;0;0;0;0;0;0;0;0;0;0;0;0;1;0;0;0;0;0;0;0;1;0;0;0;0;0;0;0;0;0;0;0;0;0;0;0;0;0;0;0;0;1;0;0;0;0;0;0;0;0;0;0;0;0;0;0;0;0;0;0;0;0;0;0;0;0;0;0;0;0;0;0;0;0;10;0;0;0;0;0;0;0
superpower_Anti-Gravity;0;0;1;0;1;0;0;1;0;0;0;0;0;0;0;0;0;1;0;0;0;0;1;0;0;0;0;0;0;0;0;0;0;0;0;0;0;0;0;0;0;0;0;0;0;0;0;0;0;0;0;0;0;0;0;0;0;0;0;0;0;0;0;0;0;0;0;0;0;0;0;0;0;0;0;1;0;0;1;0;0;0;0;0;0;0;0;0;0;0;0;0;0;0;0;0;0;0;0;0;0;0;0;0;0;0;0;0;0;0;1;0;0;0;0;0;0;0;0;0;0;0;0;0;0;0;0;0;0;0;0;0;0;0;0;0;0;0;0;0;0;0;0;0;0;0;0;0;0;0;0;2;0;0;0;0;0;0
superpower_Matter_Absorption;0;1;0;0;0;0;1;1;0;0;0;0;1;0;0;1;0;0;0;0;0;1;0;0;0;0;1;0;0;0;0;0;0;0;0;0;0;0;0;0;0;0;0;0;0;0;0;0;0;0;0;0;1;0;0;1;0;0;0;0;0;0;0;0;0;0;0;0;0;1;0;0;0;0;0;0;0;0;0;0;0;0;0;0;0;0;0;0;0;0;0;0;0;0;0;0;0;0;0;0;0;0;0;0;0;0;0;0;0;0;0;0;0;0;0;0;0;0;0;0;0;0;0;1;0;0;0;0;0;0;0;0;0;0;0;0;0;0;0;0;0;0;0;0;0;0;0;0;0;0;0;0;2;0;0;0;0;0
superpower_Psychokinesis;0;0;0;1;0;0;0;0;1;0;0;0;0;0;0;0;0;0;0;0;0;0;0;0;0;0;0;0;0;0;0;0;0;0;0;0;0;0;0;0;0;0;0;0;0;0;0;0;0;0;0;0;0;0;0;0;0;0;0;0;0;0;0;0;0;0;0;0;0;0;0;0;0;0;0;0;0;0;0;0;0;0;0;0;0;0;0;0;0;0;0;0;0;0;0;0;0;0;0;0;0;0;0;0;0;0;0;0;0;0;0;0;0;0;0;0;0;0;0;0;0;0;0;0;0;0;0;0;0;0;0;0;0;0;0;0;0;0;0;0;0;0;0;0;0;0;0;0;0;0;0;0;0;2;0;0;0;0
superpower_Omnipotence;0;0;0;0;0;0;0;0;0;0;0;0;0;0;0;0;0;0;0;0;0;0;0;0;0;0;0;0;0;0;0;0;0;0;0;0;0;0;0;0;0;0;0;0;0;0;0;0;0;0;0;0;0;0;0;0;0;0;0;1;0;0;0;0;0;0;0;0;0;0;0;0;1;0;0;0;0;0;0;0;0;0;0;0;0;0;0;0;0;0;0;0;0;0;0;0;0;0;0;0;0;0;0;0;0;0;0;0;0;0;0;0;0;0;0;0;0;0;0;0;0;0;0;0;0;0;0;0;0;0;0;0;0;0;0;0;0;0;0;0;0;0;0;0;0;0;0;0;0;0;0;0;0;0;2;0;0;0
superpower_Death_Touch;0;0;0;0;0;0;0;1;0;0;0;0;0;0;0;0;0;0;0;0;0;0;0;1;0;0;0;0;0;0;1;0;0;0;1;0;0;0;0;0;0;0;0;0;0;0;0;0;0;0;0;0;0;0;0;0;0;0;0;0;0;0;0;0;0;0;0;0;0;0;0;0;0;0;0;0;0;0;0;0;0;0;0;0;0;0;0;0;0;0;0;0;0;0;0;0;0;0;0;0;0;0;0;0;0;0;0;0;0;0;0;0;0;0;0;0;0;1;0;0;0;0;0;0;0;0;0;0;0;0;1;0;0;0;0;0;0;0;0;0;0;0;0;0;0;0;0;0;0;0;0;0;0;0;0;2;0;0
superpower_Intuitive_aptitude;0;0;0;0;0;0;0;0;0;0;0;0;0;0;0;0;0;0;0;0;0;0;0;0;0;0;0;0;0;0;0;0;0;0;0;0;0;0;0;1;0;0;0;0;0;0;0;0;0;0;0;0;0;0;0;0;0;0;0;0;1;0;0;0;0;0;0;0;0;0;0;0;0;0;1;0;0;0;0;1;0;0;0;0;0;0;0;0;0;0;0;0;0;0;0;0;0;0;0;0;0;0;0;0;0;0;0;0;0;0;0;0;0;0;0;0;0;0;0;0;0;0;0;0;0;0;0;1;0;0;0;0;0;0;0;0;0;0;0;0;1;0;0;0;0;0;0;0;0;0;0;0;0;0;0;0;2;1
superpower_Melting;0;0;0;0;0;0;0;0;0;0;0;0;0;0;0;0;0;0;0;0;0;0;0;0;0;0;0;0;0;0;0;0;0;0;0;0;0;0;0;1;0;0;0;0;0;0;0;0;0;0;0;0;0;0;0;0;0;0;0;0;1;0;0;0;0;0;0;0;0;0;0;0;0;0;1;0;0;0;0;1;0;0;0;0;0;0;0;0;0;0;0;0;0;0;0;0;0;0;0;0;0;0;0;0;0;0;0;0;0;0;0;0;0;0;0;0;0;0;0;0;0;0;0;0;0;0;0;1;0;0;0;0;0;0;0;0;0;0;0;0;1;0;0;0;0;0;0;0;0;0;0;0;0;0;0;0;1;2
